１６年分,,,,,,,,,,,
日付,出現,確率,閾値40,閾値50,閾値60,,,,,,
2006/7/1,×,60%,空振り,空振り,空振り,雲海は4:30で消滅,,,,,
2006/7/2,△,70%,適中,適中,適中,5:30で消滅,,,,,
2006/7/3,○,40%,適中,見逃し,見逃し,雲海BEST,,,,,
2006/7/4,○,80%,適中,適中,適中,雲海BEST,,,,,
2006/7/5,○,70%,適中,適中,適中,雲海BEST,,,,,
2006/7/6,×,60%,空振り,空振り,空振り,4:00に出現、その後雲中,,,,,
2006/7/7,○,20%,見逃し,見逃し,見逃し,雲海出現、雨で中止,,,,,
2006/7/8,○,60%,適中,適中,適中,雲海BEST、雨あがり,,,,,
2006/7/9,△,80%,適中,適中,適中,霧発生、8:00以降で雲海出現,,,,,
2006/7/10,×,90%,空振り,空振り,空振り,霧の中,,,,,
2006/7/11,○,60%,適中,適中,適中,幻想的雲海出現5:00～7:00,,,,,
2006/7/12,×,30%,適中なし,適中なし,適中なし,中止,,,,,
2006/7/13,△,70%,適中,適中,適中,霧、7:00頃エリア内見え出す,,,,,
2006/7/14,×,50%,空振り,空振り,適中なし,霧、朝一多少あり,,,,,
2006/7/15,×,40%,空振り,適中なし,適中なし,霧、気球中止のせいか客は多い,,,,,
2006/7/16,×,50%,空振り,空振り,適中なし,霧、気球中止のせいか客は多い,,,,,
2006/7/17,○,40%,適中,見逃し,見逃し,雲海最高だが7:20頃霧の中,,,,,
2006/7/18,×,50%,空振り,空振り,適中なし,中止,,,,,
2006/7/19,×,70%,空振り,空振り,空振り,霧,,,,,
2006/7/20,△,70%,適中,適中,適中,雲海出現、6:30頃霧になる,,,,,
2006/7/21,○,80%,適中,適中,適中,雲海出現、6:30頃霧になる、その後また出現,,,,,
2006/7/22,×,50%,空振り,空振り,適中なし,霧のため6:20で中止、テーブルが濡れるため,,,,,
2006/7/23,△,70%,適中,適中,適中,雲海は6:00で消滅,,,,,
2006/7/24,×,70%,空振り,空振り,空振り,中止,,,,,
2006/7/25,×,50%,空振り,空振り,適中なし,霧から雨,,,,,
2006/7/26,×,70%,空振り,空振り,空振り,晴れ、エリア内がみえる,,,,,
2006/7/27,△,70%,適中,適中,適中,雲海は6:00で消滅,,,,,
2006/7/28,△,80%,適中,適中,適中,雲海は6:00で消滅,,,,,
2006/7/29,○,80%,適中,適中,適中,雲海BEST,,,,,
2006/7/30,×,80%,空振り,空振り,空振り,霧,,,,,
2006/7/31,○,80%,適中,適中,適中,6:30まで雲海BEST、以降霧,,,,,
2006/8/1,○,90%,適中,適中,適中,雲海BEST,,,,,
2006/8/2,○,80%,適中,適中,適中,串内からの流れ雲海,,,,,
2006/8/3,×,90%,空振り,空振り,空振り,中止,,,,,
2006/8/4,×,40%,空振り,適中なし,適中なし,雲中,,,,,
2006/8/5,×,50%,空振り,空振り,適中なし,霧、時々晴れ,,,,,
2006/8/6,×,60%,空振り,空振り,空振り,快晴,,,,,
2006/8/7,×,60%,空振り,空振り,空振り,快晴,,,,,
2006/8/8,×,50%,空振り,空振り,適中なし,快晴,,,,,
2006/8/9,△,50%,適中,適中,見逃し,下部に雲海　　もやがある,,,,,
2006/8/10,○,60%,適中,適中,適中,雲海出現、朝一より6:00以降がBEST,,,,,
2006/8/11,×,30%,適中なし,適中なし,適中なし,霧雨、中止,,,,,
2006/8/12,×,30%,適中なし,適中なし,適中なし,霧雨、中止,,,,,
2006/8/13,○,60%,適中,適中,適中,雲海BEST,,,,,
2006/8/14,○,90%,適中,適中,適中,雲海BEST、8:00以降もあり,,,,,
2006/8/15,○,60%,空振り,空振り,空振り,雲海BEST,,,,,
2006/8/16,×,50%,空振り,空振り,空振り,中止、短時間出現,,,,,
2006/8/17,×,60%,空振り,空振り,適中なし,中止,,,,,
2006/8/18,×,30%,適中なし,適中なし,適中なし,中止,,,,,
2006/8/19,×,30%,適中なし,適中なし,適中なし,中止、7:00頃まで出現,,,,,
2006/8/20,×,90%,空振り,空振り,空振り,7:00から少し出現,,,,,
2006/8/21,×,70%,空振り,空振り,空振り,中止,,,,,
2006/8/22,○,70%,適中,適中,適中,雲海BEST、途中雲中に入るが直ぐ出現,,,,,
2006/8/23,×,50%,空振り,空振り,適中なし,雲海出現したが6:00頃から雲中,,,,,
2006/8/24,×,40%,空振り,適中なし,適中なし,雲中、6:15～6:45間出現,,,,,
2006/8/25,×,70%,空振り,空振り,空振り,雲中、6:30から晴れ,,,,,
2006/8/26,○,80%,適中,適中,適中,下部での雲海（雲海もどき）7:00頃まであり,,,,,
2006/8/27,○,70%,適中,適中,適中,下部での雲海（雲海もどき）8:30頃まであり、タワー上部見える,,,,,
2006/8/28,×,70%,空振り,空振り,空振り,雲中,,,,,
2006/8/29,×,50%,空振り,空振り,適中なし,中止,,,,,
2006/8/30,△,20%,見逃し,見逃し,見逃し,朝一雲海、5:30～7:00間雲中、その後雲海,,,,,
2006/8/31,×,50%,空振り,空振り,適中なし,中止,,,,,
2006/9/1,×,50%,空振り,空振り,適中なし,霧で中止,,,,,
2006/9/2,△,60%,適中,適中,適中,占冠方面に多少雲海あり,,,,,
2006/9/3,×,60%,空振り,空振り,空振り,晴れで雲海無し,,,,,
2006/9/4,○,60%,適中,適中,適中,左側に雲海あり,,,,,
2006/9/5,×,30%,適中なし,適中なし,適中なし,早朝朝日が見えていたが、雨になる,,,,,
2006/9/6,×,70%,空振り,空振り,空振り,晴れで雲海無し、十勝方面に少しあり,,,,,
2006/9/7,×,50%,空振り,空振り,適中なし,霧から雨になり中止,,,,,
2006/9/8,△,50%,適中,適中,見逃し,雲海モドキ,,,,,
2006/9/9,×,60%,空振り,空振り,空振り,霧雨になる。,,,,,
2006/9/10,○,60%,適中,適中,適中,雲海BEST,,,,,
2006/9/11,×,70%,空振り,空振り,空振り,山頂のみ霧で中止,,,,,
2006/9/12,×,70%,空振り,空振り,空振り,上トマム、駅周辺に出現,,,,,
2006/9/13,○,60%,適中,適中,適中,日の出と共に出現,,,,,
2006/9/14,△,60%,適中,適中,適中,下の方に少しあり,,,,,
2006/9/15,△,60%,適中,適中,適中,下の方に少しあり、直ぐ消滅,,,,,
2006/9/16,△,60%,適中,適中,適中,コンコ付近に少しあり,,,,,
2006/9/17,○,50%,適中,適中,見逃し,十勝方面からの流れ雲海BEST,,,,,
2006/9/18,△,60%,空振り,空振り,空振り,雲海無し,,,,,
2007/6/19,無,60%,空振り,空振り,空振り,テラスは雲中、トマム山山頂で雲海見えた（客談）,,,,,
2007/6/20,無,50%,空振り,空振り,適中なし,とても寒く雲海無し,,,,,
2007/6/21,無,50%,空振り,空振り,適中なし,雨で営業中止,,,,,
2007/6/22,無,60%,空振り,空振り,空振り,曇り時々霧、６時過ぎに多少発生,,,,,
2007/6/23,有,70%,適中,適中,適中,５時前後に雲海発生、5:30頃から雷雨で営業中止,,,,,
2007/6/24,有,70%,適中,適中,適中,５時頃雲海発生、６時過ぎから消滅？雲中？,,,,,
2007/6/25,有,50%,適中,適中,見逃し,6:30頃まで雲海、その後雲中,,,,,
2007/6/26,無,50%,空振り,空振り,適中なし,朝一雲海発生していたが、営業中は雲中,,,,,
2007/6/27,無,40%,空振り,適中なし,適中なし,雲中、視界50ｍ、5:30頃から晴れ、雲海無し,,,,,
2007/6/28,無,50%,空振り,空振り,適中なし,雲海無し、とても寒い,,,,,
2007/6/29,無,30%,適中なし,適中なし,適中なし,雲中、霧雨で7:00に営業中止,,,,,
2007/6/30,無,30%,適中なし,適中なし,適中なし,雲中、霧雨で営業中止,,,,,
2007/7/1,有,60%,適中,適中,適中,６時頃霧で見えなくなり、８時過ぎにまた発生,,,,,
2007/7/2,無,60%,空振り,空振り,空振り,快晴,,,,,
2007/7/3,無,60%,空振り,空振り,空振り,串内方面少しあり,,,,,
2007/7/4,有,50%,適中,適中,見逃し,朝一雲海発生、途中雲中で６時頃からまた発生,,,,,
2007/7/5,無,70%,空振り,空振り,空振り,寒く、強風,,,,,
2007/7/6,無,50%,空振り,空振り,適中なし,雨で中止,,,,,
2007/7/7,無,50%,空振り,空振り,適中なし,快晴,,,,,
2007/7/8,有,60%,適中,適中,適中,低い雲海６時頃迄、その後快晴,,,,,
2007/7/9,有,60%,適中,適中,適中,雲海発生、７時頃から雲中,,,,,
2007/7/10,有,60%,適中,適中,適中,雲海発生、６時30分頃から雲中,,,,,
2007/7/11,有,60%,適中,適中,適中,雲海とても綺麗,,,,,
2007/7/12,無,50%,空振り,空振り,適中なし,雨で中止,,,,,
2007/7/13,無,50%,空振り,空振り,適中なし,雨で中止,,,,,
2007/7/14,有,70%,適中,適中,適中,朝一雲海発生、5:30～7:00頃迄雲中、その後雲海,,,,,
2007/7/15,有,60%,適中,適中,適中,5:30迄雲海、その後雲中,,,,,
2007/7/16,有,30%,見逃し,見逃し,見逃し,テラス付近霧で今一,,,,,
2007/7/17,有,50%,適中,適中,見逃し,雲海、雲中の繰り返し、７時頃から雲中,,,,,
2007/7/18,有,50%,適中,適中,見逃し,綺麗な雲海、言うこと無し,,,,,
2007/7/19,有,50%,適中,適中,見逃し,串内方面から十勝平野に発生,,,,,
2007/7/20,有,40%,適中,見逃し,見逃し,串内方面に雲海あり、左側は最高！最後に雲海です。,,,,,
2007/7/21,無,30%,適中なし,適中なし,適中なし,朝から霧で何も見えない。6時で中止,,,,,
2007/7/22,有,50%,適中,適中,見逃し,雲海出てました。8時頃消え、晴れ。,,,,,
2007/7/23,有,60%,適中,適中,適中,雲海は低いが出た。,,,,,
2007/7/24,無,50%,空振り,空振り,適中なし,下部に多少雲があるが雲海ではない。,,,,,
2007/7/25,無,50%,空振り,空振り,適中なし,さわやかな朝,,,,,
2007/7/26,無,60%,空振り,空振り,空振り,5時前より雨時々晴れ、テイクアウトで対応する。　7時頃より晴れ,,,,,
2007/7/27,有,70%,適中,適中,適中,16号柱下から低い雲海、トマム全体に広がっている。,,,,,
2007/7/28,無,50%,空振り,空振り,適中なし,中止,,,,,
2007/7/29,無,60%,空振り,空振り,空振り,霧でよく見えないが、お客様は多かった。,,,,,
2007/7/30,有,70%,適中,適中,適中,低いが雲海あり。不安定です。,,,,,
2007/7/31,有,70%,適中,適中,適中,最高の雲海です。,,,,,
2007/8/1,無,70%,空振り,空振り,空振り,強風、お客様は寒がっていた,,,,,
2007/8/2,無,60%,空振り,空振り,空振り,強風の為中止,,,,,
2007/8/3,無,20%,適中なし,適中なし,適中なし,雨の為中止,,,,,
2007/8/4,無,20%,適中なし,適中なし,適中なし,　　　〃,,,,,
2007/8/5,無,60%,空振り,空振り,空振り,雲中営業,,,,,
2007/8/6,無,60%,空振り,空振り,空振り,雲中、7:00で中止,,,,,
2007/8/7,無,40%,空振り,適中なし,適中なし,雲中、6:00から営業,,,,,
2007/8/8,無,60%,空振り,空振り,空振り,雲中中止,,,,,
2007/8/9,無,40%,空振り,適中なし,適中なし,雨の為中止,,,,,
2007/8/10,無,40%,空振り,適中なし,適中なし,　　　〃,,,,,
2007/8/11,無,50%,空振り,空振り,適中なし,　　　〃,,,,,
2007/8/12,無,50%,空振り,空振り,適中なし,雲中営業,,,,,
2007/8/13,有,60%,適中,適中,適中,８号支柱から上トマムにかけて雲海、6:30ごろ消滅,,,,,
2007/8/14,無,50%,空振り,空振り,適中なし,すがすがしい朝,,,,,
2007/8/15,無,50%,空振り,空振り,適中なし,　　　〃,,,,,
2007/8/16,無,50%,空振り,空振り,適中なし,雨の為中止,,,,,
2007/8/17,無,40%,空振り,適中なし,適中なし,　　　〃,,,,,
2007/8/18,無,50%,空振り,空振り,適中なし,雲中営業,,,,,
2007/8/19,有,60%,適中,適中,適中,朝一少し発生、その後雲海、晴れたら雲海無し,,,,,
2007/8/20,有,80%,適中,適中,適中,ガレリア上層部見えるぐらいの雲海,,,,,
2007/8/21,無,60%,空振り,空振り,空振り,晴れたり、曇ったり、霧になったり,,,,,
2007/8/22,無,20%,適中なし,適中なし,適中なし,５時までまったが中止,,,,,
2007/8/23,無,60%,空振り,空振り,空振り,雲海無し、とても寒い,,,,,
2007/8/24,無,70%,空振り,空振り,空振り,低い雲海7:00前に消滅,,,,,
2007/8/25,有,60%,適中,適中,適中,占冠方面から雲海発生,,,,,
2007/8/26,無,60%,空振り,空振り,空振り,雲が低い,,,,,
2007/8/27,無,50%,空振り,空振り,適中なし,秋を感じる日,,,,,
2007/8/28,無,50%,空振り,空振り,適中なし,下部に霧が発生、けして雲海ではない？？？,,,,,
2007/8/29,無,60%,空振り,空振り,空振り,晴天,,,,,
2007/8/30,無,50%,空振り,空振り,適中なし,雲海無し,,,,,
2007/8/31,有,50%,適中,適中,見逃し,久し振りの雲海（60%）途中霧になり、また発生、串内方面良好,,,,,
2007/9/1,有,60%,適中,適中,適中,薄い雲海だがとても綺麗,,,,,
2007/9/2,無,70%,空振り,空振り,空振り,霧の為営業を中止したが、４４名のお客が待っていたので、CSを考慮し、無料営業,,,,,
2007/9/3,無,40%,空振り,適中なし,適中なし,雨で中止,,,,,
2007/9/4,無,30%,適中なし,適中なし,適中なし,雨で中止,,,,,
2007/9/5,無,20%,適中なし,適中なし,適中なし,時々小雨,,,,,
2007/9/6,無,,,,,朝雲海が見えたが、営業中は霧の中,,,,,
2007/9/7,無,30%,適中なし,適中なし,適中なし,雨で中止,,,,,
2007/9/8,無,,,,,雨で中止,,,,,
2007/9/9,無,40%,空振り,適中なし,適中なし,下部に発生、上空は曇り時々晴れ,,,,,
2007/9/10,無,40%,空振り,適中なし,適中なし,雨で中止,,,,,
2007/9/11,無,60%,空振り,空振り,空振り,霧の中で６：００から営業霧が出たり晴れたり,,,,,
2007/9/12,無,50%,空振り,空振り,適中なし,久し振りの晴れ、日の出が綺麗,,,,,
2007/9/13,無,50%,空振り,空振り,適中なし,雲中で５：００過ぎ晴れてきて、５：３０より営業、狩勝方面雲海,,,,,
2007/9/14,無,60%,空振り,空振り,空振り,雲中営業中止、無料で乗車１５名,,,,,
2007/9/15,無,50%,空振り,空振り,適中なし,途中から雨,,,,,
2007/9/16,無,30%,適中なし,適中なし,適中なし,雨で中止,,,,,
2007/9/17,有,50%,適中,適中,見逃し,久し振りの雲海５０％,,,,,
2007/9/18,無,30%,適中なし,適中なし,適中なし,久し振りの晴れ、爽やかな朝,,,,,
2007/9/19,無,40%,空振り,適中なし,適中なし,十勝方面（串内）に雲海,,,,,
2007/9/20,無,40%,空振り,適中なし,適中なし,雨で中止,,,,,
2007/9/21,無,40%,空振り,適中なし,適中なし,雨で中止,,,,,
2007/9/22,無,50%,空振り,空振り,適中なし,曇りで気温高い,,,,,
2007/9/23,無,60%,空振り,空振り,空振り,爽やかな朝,,,,,
2007/9/24,無,50%,空振り,空振り,適中なし,爽やかな朝,,,,,
2007/9/25,無,50%,空振り,空振り,適中なし,朝一小雨で晴れる、雲海無し、お客いない,,,,,
2007/9/26,無,50%,空振り,空振り,適中なし,非常に寒い朝,,,,,
2007/9/27,無,40%,空振り,適中なし,適中なし,お客少ない,,,,,
2007/9/28,無,30%,適中なし,適中なし,適中なし,雨で中止,,,,,
2007/9/29,無,50%,空振り,空振り,適中なし,テラスは霧の中で営業中止,,,,,
2007/9/30,無,50%,空振り,空振り,適中なし,下部（上トマム～駅）に雲があり,,,,,
2007/10/1,有,40%,適中,見逃し,見逃し,トマム下部に多少発生,,,,,
2007/10/2,有,40%,適中,見逃し,見逃し,エリア内～上トマム周辺に低い雲海,,,,,
2007/10/3,有,40%,適中,見逃し,見逃し,　　　　　　　　　　〃,,,,,
2007/10/4,有,50%,適中,適中,見逃し,ガレリアの上部が見える綺麗な雲海,,,,,
2007/10/5,有,20%,見逃し,見逃し,見逃し,ゴンドラ１８号柱下から雲海,,,,,
2007/10/6,有,60%,適中,適中,適中,下部に発生,,,,,
2007/10/7,無,60%,空振り,空振り,空振り,寒い朝,,,,,
2007/10/8,,20%,,,,雨で中止,,,,,
2007/10/9,,50%,,,,中止,,,,,
2007/10/10,無,40%,空振り,適中なし,適中なし,寒いが爽やかな朝,,,,,
2007/10/11,無,40%,空振り,適中なし,適中なし,雲中視界５０ｍ、7:00頃から山麓見える、客少ない,,,,,
2007/10/12,無,40%,空振り,適中なし,適中なし,朝一雨、6:30より営業,,,,,
2007/10/13,無,40%,空振り,適中なし,適中なし,寒い！,,,,,
2007/10/14,無,40%,空振り,適中なし,適中なし,雪と氷で中止,,,,,
2007/10/15,,40%,,,,降雪で中止,,,,,
2007/10/16,,,,,,積雪で中止,,,,,
2007/10/17,,40%,,,,雨で中止,,,,,
2007/10/18,,,,,,積雪で中止,,,,,
2007/10/19,有,40%,適中,見逃し,見逃し,東の方向に雲海有り7:00頃から東風にのり全体に雲海になる。,,,,,
2007/10/20,無,50%,空振り,空振り,適中なし,中止　山頂ガスの中で視界50m,,,,,
2007/10/21,無,40%,空振り,適中なし,適中なし,中止　朝方まで雨ですべて氷りになる,,,,,
2007/10/22,無,40%,空振り,適中なし,適中なし,太陽がキレイですが、とっても寒い日です,,,,,
2007/10/23,,,,,,積雪で中止,,,,,
2007/10/24,,40%,,,,積雪で中止,,,,,
2007/10/25,無,40%,空振り,適中なし,適中なし,快晴,,,,,
2007/10/26,無,40%,空振り,適中なし,適中なし,朝焼けが非常に綺麗,,,,,
2007/10/27,有,40%,適中,見逃し,見逃し,トマムエリア、雲海有り、多少低い,,,,,
2007/10/28,無,40%,空振り,適中なし,適中なし,最終日,,,,,
2008/6/19,無し,40%,空振り,適中なし,適中なし,快晴　4時頃低い雲海,,,,,
2008/6/20,無し,20%,適中なし,適中なし,適中なし,雨　営業中止　雲中,,,,,
2008/6/21,無し,40%,空振り,適中なし,適中なし,曇り,,,,,
2008/6/22,無し,40%,空振り,適中なし,適中なし,営業中曇り　寒い日でした,,,,,
2008/6/23,無し,30%,適中なし,適中なし,適中なし,登山道上がれば雲海見えた,,,,,
2008/6/24,無し,30%,適中なし,適中なし,適中なし,雨　営業中止,,,,,
2008/6/25,無し,30%,適中なし,適中なし,適中なし,曇りのち晴れ,,,,,
2008/6/26,有り,40%,適中,見逃し,見逃し,低い雲海発生,,,,,
2008/6/27,有り,50%,適中,適中,見逃し,雲海発生　7:30頃より消えていく,,,,,
2008/6/28,有り,60%,適中,適中,適中,遠くの方に小さい雲海　6:00頃から消える,,,,,
2008/6/29,有り,60%,適中,適中,適中,うすい流動的な雲海（低い）　小雨あり,,,,,
2008/6/30,有り,60%,適中,適中,適中,雲海発生　ときどき視界不良になる,,,,,
2008/7/1,有り,70%,適中,適中,適中,雲海発生したが雲中になる,,,,,
2008/7/2,有り,60%,適中,適中,適中,低い雲海後消滅,,,,,
2008/7/3,有り,50%,適中,適中,見逃し,低い雲海、６：００過ぎに消滅,,,,,
2008/7/4,無し,30%,適中なし,適中なし,適中なし,雨で中止、雲中,,,,,
2008/7/5,無し,30%,適中なし,適中なし,適中なし,雨で中止、雲中,,,,,
2008/7/6,無し,40%,空振り,適中なし,適中なし,上空晴れだが、視界があまり無し,,,,,
2008/7/7,有り,30%,見逃し,見逃し,見逃し,雲海発生したが、狩振岳がかすんで見える,,,,,
2008/7/8,無し,50%,空振り,空振り,適中なし,雲中、視界悪し,,,,,
2008/7/9,有り,40%,適中,見逃し,見逃し,雲中後６：００から視界が良くなり、第４山頂が見える薄い雲海、７：００消滅,,,,,
2008/7/10,有り,50%,適中,適中,見逃し,低い雲海７：００で消滅,,,,,
2008/7/11,有り,40%,適中,見逃し,見逃し,雨で中止,,,,,
2008/7/12,無し,50%,空振り,空振り,適中なし,雨で中止、雲中,,,,,
2008/7/13,有り,50%,適中,適中,見逃し,十勝方面雲海、トマム地区は低い雲海,,,,,
2008/7/14,無し,40%,空振り,適中なし,適中なし,快晴,,,,,
2008/7/15,有り,40%,適中,見逃し,見逃し,雲海発生、大変綺麗だったが６：３０ごろから見え隠れした,,,,,
2008/7/16,有り,60%,適中,適中,適中,東の空に雲海6:00～晴れ,,,,,
2008/7/17,有り,30%,見逃し,見逃し,見逃し,雨で中止,,,,,
2008/7/18,無し,50%,空振り,空振り,適中なし,雨で中止,,,,,
2008/7/19,無し,50%,空振り,空振り,適中なし,雲中、視界悪し,,,,,
2008/7/20,無し,50%,空振り,空振り,適中なし,雲中、視界悪し,,,,,
2008/7/21,無し,50%,空振り,空振り,適中なし,小雨、視界悪し,,,,,
2008/7/22,有り,40%,適中,見逃し,見逃し,小雨営業、雲海は見えたり、視界が無くなったり,,,,,
2008/7/23,無し,50%,空振り,空振り,適中なし,雨で中止,,,,,
2008/7/24,無し,50%,空振り,空振り,適中なし,雲中,,,,,
2008/7/25,無し,50%,空振り,空振り,適中なし,雲中後晴れ,,,,,
2008/7/26,無し,60%,空振り,空振り,空振り,雲中、視界悪し時折視界がある,,,,,
2008/7/27,有り,50%,適中,適中,見逃し,綺麗な雲海、７：３０頃から消滅,,,,,
2008/7/28,有り,60%,適中,適中,適中,上トマム～JR駅にかけて低い雲海6:30消滅、十勝平野は営業終了時も雲海,,,,,
2008/7/29,有り,60%,適中,適中,適中,大変綺麗な雲海、10:00過ぎても雲海あり,,,,,
2008/7/30,有り,70%,適中,適中,適中,朝一雲中、5:30頃から綺麗な雲海、7:30頃からトマム周辺消滅,,,,,
2008/7/31,無し,50%,空振り,空振り,適中なし,雲中、7:00頃からトマム周辺が見え出す,,,,,
2008/8/1,有,40%,適中,見逃し,見逃し,テラス側に低い雲海あり、雨のため中止,,,,,
2008/8/2,有,40%,適中,見逃し,見逃し,雨のため中止。雲海は見えたり見えなかったり。,,,,,
2008/8/3,無,30%,適中なし,適中なし,適中なし,雨のため中止。,,,,,
2008/8/4,無,40%,空振り,適中なし,適中なし,雲の中、視界30～50m。7時前より視界良し、雲海なし。,,,,,
2008/8/5,無,60%,空振り,空振り,空振り,快晴！W氏乗車。,,,,,
2008/8/6,無,50%,空振り,空振り,適中なし,晴れ、雲海なし。十勝平野に少しあり。,,,,,
2008/8/7,無,50%,空振り,空振り,適中なし,かりふり方面薄いガスあり。,,,,,
2008/8/8,無,50%,空振り,空振り,適中なし,朝一、ゴルフ場上空に低い雲。6時頃消える。,,,,,
2008/8/9,無,50%,空振り,空振り,適中なし,雨のため中止。,,,,,
2008/8/10,無,50%,空振り,空振り,適中なし,低い雲海後快晴,,,,,
2008/8/11,無,60%,空振り,空振り,空振り,雲海なし。東の空に雲あり。,,,,,
2008/8/12,有,50%,適中,適中,見逃し,ガスはれたら西の空に雲海。6:00～7:00,,,,,
2008/8/13,有,50%,適中,適中,見逃し,トマム上空には無かったが、オダッシュ山前、十勝方面は雲海。,,,,,
2008/8/14,無,50%,空振り,空振り,適中なし,霧雨のため中止,,,,,
2008/8/15,有,60%,適中,適中,適中,ガスの中。5時からガスがなくなり雲海出現するが中止。濃霧のため,,,,,
2008/8/16,無,50%,空振り,空振り,適中なし,雨で中止,,,,,
2008/8/17,有,50%,適中,適中,見逃し,,,,,,
2008/8/18,無,50%,空振り,空振り,適中なし,雲海なし。くもりのち晴れ,,,,,
2008/8/19,無,50%,空振り,空振り,適中なし,十勝方面上空に雲海。トマム上空に流れてくる。,,,,,
2008/8/20,無,30%,適中なし,適中なし,適中なし,雨のため中止,,,,,
2008/8/21,無,50%,空振り,空振り,適中なし,出ませんでした。寒い1日。,,,,,
2008/8/22,無,50%,空振り,空振り,適中なし,出ませんでした。寒い1日。,,,,,
2008/8/23,無,50%,空振り,空振り,適中なし,霧の中。視界悪い1日でした。,,,,,
2008/8/24,無,50%,空振り,空振り,適中なし,強風と雨の為中止。,,,,,
2008/8/25,無,30%,適中なし,適中なし,適中なし,雨のため中止。,,,,,
2008/8/26,無,40%,空振り,適中なし,適中なし,雲の中営業（視界30～50m）,,,,,
2008/8/27,無,40%,空振り,適中なし,適中なし,朝一雲海でしたが5:00よりガス発生し、雨になる。ときどき雲海でた。,,,,,
2008/8/28,有,30%,見逃し,見逃し,見逃し,東の空にあり。すがすがしい朝でした。,,,,,
2008/8/29,無,40%,空振り,適中なし,適中なし,雷雨中止。,,,,,
2008/8/30,無,50%,空振り,空振り,適中なし,雲の中カミナリの為1時間。,,,,,
2008/8/31,無,50%,空振り,空振り,適中なし,営業中雲の中でした。朝営業前は出ていた。,,,,,
2008/9/1,無,30%,適中なし,適中なし,適中なし,雲の中でした、営業する。,,,,,
2008/9/2,有,40%,適中,見逃し,見逃し,低い雲海（上トマム～トマム駅）,,,,,
2008/9/3,有,50%,適中,適中,見逃し,6:00頃と7:00頃雲海でました。（30分+30分）,,,,,
2008/9/4,無,50%,空振り,空振り,適中なし,雲の中、7:00頃より視界が少しよくなったが、雲海は出なかった。,,,,,
2008/9/5,有,50%,適中,適中,見逃し,雲海100%！7:30頃から中トマムのみ見えはじめる。,,,,,
2008/9/6,有,50%,適中,適中,見逃し,雲海あり、7:00頃からなくなる。,,,,,
2008/9/7,無,30%,適中なし,適中なし,適中なし,雨で中止,,,,,
2008/9/8,有,60%,適中,適中,適中,低い雲海（トマム全体）7:00頃から少しずつなくなる。,,,,,
2008/9/9,無,60%,空振り,空振り,空振り,雲の中、少し晴れたが雲海は出なかった。,,,,,
2008/9/10,無,50%,空振り,空振り,適中なし,上トマム、ゴルフコースに少し有り（もや）,,,,,
2008/9/11,無,50%,空振り,空振り,適中なし,十勝方面にうっすら雲海,,,,,
2008/9/12,無,50%,空振り,空振り,適中なし,小雨の為中止,,,,,
2008/9/13,無,60%,空振り,空振り,空振り,ガスの中、少し晴れたら低い雲海が見えた。,,,,,
2008/9/14,無,60%,空振り,空振り,空振り,視界があったりなかったり。,,,,,
2008/9/15,無,50%,空振り,空振り,適中なし,朝一は下に少しの雲。,,,,,
2008/9/16,無,50%,空振り,空振り,適中なし,東の空に雲海有り。一時視界不良になる。,,,,,
2008/9/17,無,50%,空振り,空振り,適中なし,朝一は下に少し雲海。AM6:00頃なくなる。,,,,,
2008/9/18,無,50%,空振り,空振り,適中なし,営業中うすいガスがかかっていた。,,,,,
2008/9/19,無,40%,空振り,適中なし,適中なし,強風の為中止,,,,,
2008/9/20,無,40%,空振り,適中なし,適中なし,良い天気でした。,,,,,
2008/9/21,無,40%,空振り,適中なし,適中なし,風が３～４m寒い日でした。,,,,,
2008/9/22,無,40%,空振り,適中なし,適中なし,ガスで山麓が見え隠れ,,,,,
2008/9/23,無,30%,適中なし,適中なし,適中なし,強風で7:15営業中止,,,,,
2008/9/24,無,50%,空振り,空振り,適中なし,雨天中止,,,,,
2008/9/25,無,40%,空振り,適中なし,適中なし,強風の為中止,,,,,
2008/9/26,無,30%,適中なし,適中なし,適中なし,視界不良の為中止,,,,,
2008/9/27,無,30%,適中なし,適中なし,適中なし,悪天候の為中止（山頂は雪です！）,,,,,
2008/9/28,無,30%,適中なし,適中なし,適中なし,悪天候の為中止、雪が残っていた。,,,,,
2008/9/29,無,40%,空振り,適中なし,適中なし,上トマム～駅にかけて低い雲有りAM7:00頃消える。,,,,,
2008/9/30,無,40%,空振り,適中なし,適中なし,上トマム～駅にかけて低い雲有りAM7:00頃消える。,,,,,
2009/6/20,有り,50%,適中,適中,見逃し,十勝上空は雲海出る。,,,,,
2009/6/21,無し,50%,空振り,空振り,適中なし,ガスの中、視界50m。,,,,,
2009/6/22,無し,60%,空振り,空振り,空振り,ガスの中、視界30m。,,,,,
2009/6/23,無し,30%,適中なし,適中なし,適中なし,雨で中止。,,,,,
2009/6/24,無し,50%,空振り,空振り,適中なし,ガスの中、視界50～100m。,,,,,
2009/6/25,無し,60%,空振り,空振り,空振り,見晴らし良し。,,,,,
2009/6/26,無し,50%,空振り,空振り,適中なし,朝日がきれいでした。,,,,,
2009/6/27,無し,50%,空振り,空振り,適中なし,ガスの中、視界30m　のち晴れ。,,,,,
2009/6/28,無し,80%,空振り,空振り,空振り,狩勝峠雲海有り。,,,,,
2009/6/29,無し,50%,空振り,空振り,適中なし,周囲の山は少しかすんで見えた。,,,,,
2009/6/30,有り,60%,適中,適中,適中,AM5:30～6:00ごろ視界あけて、雲海出るがその後ガスの中。,,,,,
2009/7/1,無,50%,空振り,空振り,適中なし,霧雨の為中止,,,,,
2009/7/2,有,40%,適中,見逃し,見逃し,AM4:30視界なし３０ｍ　AM8:30頃雲海発生,,,,,
2009/7/3,無,50%,空振り,空振り,適中なし,雨の為中止,,,,,
2009/7/4,有,50%,適中,適中,適中なし,朝雲の中AM5:30～5:45、雲海出る。その後見えたりガスったりでした。3度発生確認,,,,,
2009/7/5,無,60%,空振り,空振り,空振り,営業中雲の中、終了前に山麓見えた。（7:30頃から）,,,,,
2009/7/6,無,40%,空振り,適中なし,適中なし,営業中雲の中。6:30ごろより山麓見えだす。,,,,,
2009/7/7,無,50%,空振り,空振り,適中なし,AM5:00より視界良、雲海は出なかった。,,,,,
2009/7/8,有,50%,適中,適中,見逃し,東の空雲海有り（少し）。狩振、オダッシュ山見える。雨でAM中止。,,,,,
2009/7/9,無,50%,空振り,空振り,適中なし,雲の中AM8:00前山麓見えだす。,,,,,
2009/7/10,無,30%,適中なし,適中なし,適中なし,雨で中止。,,,,,
2009/7/11,有,50%,適中,適中,見逃し,低い雲海有り,,,,,
2009/7/12,有,60%,適中,適中,適中,雲の中AM5:00低い雲海発生。AM6:30雲海消える。,,,,,
2009/7/13,有,50%,適中,適中,見逃し,朝雲海出てた。営業始まると雲の中見え隠れ、のち雨。6:30営業中止,,,,,
2009/7/14,無,30%,適中なし,適中なし,適中なし,雲の中AM6:30すぎより下界見え出す。,,,,,
2009/7/15,無,30%,適中なし,適中なし,適中なし,雨で中止。,,,,,
2009/7/16,無,30%,適中なし,適中なし,適中なし,雨で中止。,,,,,
2009/7/17,有,50%,適中,適中,見逃し,きれいな雲海発生したが4:30雲中になるとその後は6:30に発生。,,,,,
2009/7/18,有,50%,適中,適中,見逃し,くもり空で営業中雲海でした。AM8:00より小雨。,,,,,
2009/7/19,無,40%,空振り,適中なし,適中なし,雨で中止。,,,,,
2009/7/20,無,40%,空振り,適中なし,適中なし,営業中雲の中でした。,,,,,
2009/7/21,有,50%,適中,適中,見逃し,営業中雲の中、AM8:00すぎ西側に雲海見えてきた。,,,,,
2009/7/22,無,50%,空振り,空振り,適中なし,雨で中止。,,,,,
2009/7/23,無,60%,空振り,空振り,空振り,雨で中止。,,,,,
2009/7/24,有,50%,適中,適中,見逃し,朝きれいでした。その後、雲が出て見えたり見えなかったり。,,,,,
2009/7/25,無,30%,適中なし,適中なし,適中なし,雨で中止。,,,,,
2009/7/26,有,50%,適中,適中,見逃し,雲海きれい。AM6:30頃より雲海出る。視界５０ｍ,,,,,
2009/7/27,有,40%,適中,見逃し,見逃し,AM5:30～見えたり見えなかったり。AM8:00頃～雲海発生。,,,,,
2009/7/28,無,40%,空振り,適中なし,適中なし,雨で中止,,,,,
2009/7/29,有,50%,適中,適中,見逃し,朝低い雲海。AM5:30頃より雲出て雲の中。AM8:00下界見えてきた。,,,,,
2009/7/30,有,50%,適中,適中,見逃し,朝低い雲海から雲海へ。その後雲の中。,,,,,
2009/7/31,有,60%,適中,適中,適中,きれいな雲海。イメージ19→4。,,,,,
2009/8/1,有,50%,適中,適中,見逃し,綺麗な雲海、イメージ１９、７：００頃消滅,,,,,
2009/8/2,無,40%,空振り,適中なし,適中なし,運休,,,,,
2009/8/3,無,50%,空振り,空振り,適中なし,雲中、７：３０頃から霧雨,,,,,
2009/8/4,有,50%,適中,適中,見逃し,十勝上空に雲海、イメージ２、時々雲が出るが概ね良好,,,,,
2009/8/5,有,50%,適中,適中,見逃し,綺麗な雲海、イメージ１９、６：３０頃消滅,,,,,
2009/8/6,有,50%,適中,適中,見逃し,もこもこ雲海です。AM7:00ころより消える。,,,,,
2009/8/7,無,50%,空振り,空振り,適中なし,雲海はでず。,,,,,
2009/8/8,有,60%,適中,適中,適中,低い雲海です。イメージ19、上空雲なし。AM7:00ころ消える。,,,,,
2009/8/9,有,60%,適中,適中,適中,雲海イメージ19、AM7:00ころ消える。,,,,,
2009/8/10,有,60%,適中,適中,適中,雲海イメージ19、AM6:30ころ消える。,,,,,
2009/8/11,有,50%,適中,適中,見逃し,雲海イメージ19、AM6:30ころ消える。,,,,,
2009/8/12,無,50%,空振り,空振り,適中なし,くもりで雲海なし。,,,,,
2009/8/13,無,20%,適中なし,適中なし,適中なし,雨の為中止。,,,,,
2009/8/14,無,30%,適中なし,適中なし,適中なし,視界なし。,,,,,
2009/8/15,無,60%,空振り,空振り,空振り,朝視界なし、AM6:00～山麓見え隠れ、AM7:00すぎ霧雨、7:30より雨で営業中止。,,,,,
2009/8/16,有,60%,適中,適中,適中,雲海イメージ19、AM7:00ころ消える。,,,,,
2009/8/17,無,70%,空振り,空振り,空振り,雲の中霧雨が降る。雨になりAM5:30で中止。,,,,,
2009/8/18,無,40%,空振り,適中なし,適中なし,雲の中、AM8:00頃山麓見えてきた。,,,,,
2009/8/19,無,60%,空振り,空振り,空振り,雨で中止、朝一は雲海出ていた。,,,,,
2009/8/20,無,20%,適中なし,適中なし,適中なし,雨で中止。,,,,,
2009/8/21,無,20%,適中なし,適中なし,適中なし,雨で中止。,,,,,
2009/8/22,無,50%,空振り,空振り,適中なし,視界あり。,,,,,
2009/8/23,無,40%,空振り,適中なし,適中なし,山麓見えたり、見えなかったり。AM7:00ごろ雲上がる。,,,,,
2009/8/24,無,40%,空振り,適中なし,適中なし,霧雨の為中止。,,,,,
2009/8/25,無,70%,空振り,空振り,空振り,雲の中AM6:45頃山麓見え出す。（山頂では雲海出ていた。登山客）,,,,,
2009/8/26,有,60%,適中,適中,適中,雲海イメージ19、AM7:00ころ消える。,,,,,
2009/8/27,有,50%,適中,適中,見逃し,雲中、AM6:30ごろ雲海見えたり、曇ったり→雲の中,,,,,
2009/8/28,無,30%,適中なし,適中なし,適中なし,雨の為中止。,,,,,
2009/8/29,無,20%,適中なし,適中なし,適中なし,雲が下がり視界不良AM5:00、山麓たまに見える。AM8:00視界不良。,,,,,
2009/8/30,無,60%,空振り,空振り,空振り,寒い朝でした。視界良、雲海なし。,,,,,
2009/8/31,無,40%,空振り,適中なし,適中なし,雲海なし、視界良。,,,,,
2009/9/1,なし,30%,適中なし,適中なし,適中なし,強風と雨の為中止,,,,,
2009/9/2,有,40%,適中,見逃し,見逃し,イメージ１９、6:30頃なくなる。,,,,,
2009/9/3,なし,50%,空振り,空振り,適中なし,発生なし,,,,,
2009/9/4,有,60%,適中,適中,適中,イメージ１２から１１へ、6:00すぎ山麓見えだす。,,,,,
2009/9/5,なし,30%,適中なし,適中なし,適中なし,霧の中、カミナリの為中止,,,,,
2009/9/6,なし,40%,空振り,適中なし,適中なし,雲の中でした。,,,,,
2009/9/7,なし,50%,空振り,空振り,適中なし,中止（雨）,,,,,
2009/9/8,なし,60%,空振り,空振り,空振り,雨の為中止,,,,,
2009/9/9,なし,30%,適中なし,適中なし,適中なし,雨の為中止,,,,,
2009/9/10,,,,,,中止（雨）,,,,,
2009/9/11,なし,40%,空振り,適中なし,適中なし,途中１時間半程雲中、霧雨２０分程。,,,,,
2009/9/12,なし,50%,空振り,空振り,適中なし,快晴,,,,,
2009/9/13,なし,30%,適中なし,適中なし,適中なし,雨の為中止,,,,,
2009/9/14,有,60%,適中,適中,適中,イメージ１９、８：００消える,,,,,
2009/9/15,なし,50%,空振り,空振り,適中なし,発生なし,,,,,
2009/9/16,有,60%,適中,適中,適中,イメージ５、AM6:00頃消える。,,,,,
2009/9/17,有,60%,適中,適中,適中,イメージ５、AM7:30頃消える。,,,,,
2009/9/18,有,60%,適中,適中,適中,イメージ１９、AM7:30頃消える,,,,,
2009/9/19,有,60%,適中,適中,適中,イメージ５、AM7:30頃消える。,,,,,
2009/9/20,有,40%,適中,見逃し,見逃し,イメージ２か３から１１、雲海になる。,,,,,
2009/9/21,なし,60%,空振り,空振り,空振り,雲海なし,,,,,
2009/9/22,なし,50%,空振り,空振り,適中なし,雲海なし（遠くに雲海）,,,,,
2009/9/23,有,60%,適中,適中,適中,イメージ４と低い雲海,,,,,
2009/9/24,なし,50%,空振り,空振り,適中なし,快晴,,,,,
2009/9/25,有,60%,適中,適中,適中,低い雲海でした。,,,,,
2009/9/26,なし,50%,空振り,空振り,適中なし,視界なし。,,,,,
2009/9/27,なし,70%,空振り,空振り,空振り,雲海なし。,,,,,
2010/4/19,無,無,,,,エリア内が見えるぐらい,,,,,
2010/4/20,,,,,,,,,,,
2010/4/21,,,,,,,,,,,
2010/4/22,,,,,,,,,,,
2010/4/23,,,,,,,,,,,
2010/4/24,,,,,,,,,,,
2010/4/25,無,無,,,,視界良好。朝暁がキレイに見える（十勝方面）,,,,,
2010/4/26,,,,,,,,,,,
2010/4/27,無,無,,,,視界良好。十勝方面に雲海が少し発生（遠方）,,,,,
2010/4/28,,,,,,,,,,,
2010/4/29,無,無,,,,降雪、強風、視界不良。　運休,,,,,
2010/4/30,無,無,,,,雨の為　運休,,,,,
2010/5/1,,,,,,,,,,,
2010/5/2,,,,,,,,,,,
2010/5/3,,,,,,,,,,,
2010/5/4,,,,,,,,,,,
2010/5/5,,,,,,,,,,,
2010/5/6,,,,,,,,,,,
2010/5/7,,,,,,,,,,,
2010/5/8,,,,,,,,,,,
2010/5/9,,,,,,,,,,,
2010/5/10,無,,,,,コンコが見えるくらい。少しずつ視界が良くなり、十勝方面が見え出す,,,,,
2010/5/11,,,,,,,,,,,
2010/5/12,,,,,,,,,,,
2010/5/13,無,,,,,雨。視界不良の為運休。,,,,,
2010/5/14,,,,,,,,,,,
2010/5/15,,,,,,,,,,,
2010/5/16,無,,,,,御来光営業。十勝平野雲海有り。,,,,,
2010/5/17,無,,,,,視界良好。十勝方面に雲海が遠くに見える。,,,,,
2010/5/18,,,,,,,,,,,
2010/5/19,有,,,,,上トマムに低い雲海有り。,,,,,
2010/5/20,,,,,,,,,,,
2010/5/21,,,,,,,,,,,
2010/5/22,,,,,,,,,,,
2010/5/23,無,,,,,視界不良の為。御来光営業運休。,,,,,
2010/5/24,,,,,,,,,,,
2010/5/25,,,,,,,,,,,
2010/5/26,,,,,,,,,,,
2010/5/27,,,,,,,,,,,
2010/5/28,,,,,,,,,,,
2010/5/29,有,,,,,キレイな雲海有り。,,,,,
2010/5/30,無,,,,,御来光営業、視界良好。,,,,,
2010/5/31,,,,,,,,,,,
2010/6/1,,,,,,,,,,,
2010/6/2,,,,,,,,,,,
2010/6/3,,,,,,,,,,,
2010/6/4,,,,,,,,,,,
2010/6/5,無,,,,,美味しさてんぼう営業。快晴。ナイトゴンドラ　十勝平野雲海有り。,,,,,
2010/6/6,無,,,,,御来光営業。,,,,,
2010/6/7,,,,,,,,,,,
2010/6/8,,,,,,,,,,,
2010/6/9,,,,,,,,,,,
2010/6/10,,,,,,,,,,,
2010/6/11,,,,,,,,,,,
2010/6/12,有,,,,,募集バス。第2リフト山頂からビッシリキレイな雲海有り。,,,,,
2010/6/13,無,,,,,御来光。美味しさ営業。ナイトゴンドラ（十勝側雲海有）,,,,,
2010/6/14,有,,,,,募集バス。キレイな曇り雲海。,,,,,
2010/6/15,,,,,,,,,,,
2010/6/16,,,,,,,,,,,
2010/6/17,,,,,,,,,,,
2010/6/18,,,,,,,,,,,
2010/6/19,有,50%,適中,適中,見逃し,薄くガスがかかっていて低い雲海。6時半頃～なくなる。,,,,,
2010/6/20,有,60%,適中,適中,適中,全体にガスがかかっている低い雲海。6時半頃～なくなる。,,,,,
2010/6/21,有,40%,適中,見逃し,見逃し,だんだんキレイな雲海になる。6時頃見えたり見えなかったり。6時半雲中。,,,,,
2010/6/22,無,50%,空振り,空振り,適中なし,視界なし。,,,,,
2010/6/23,無,30%,適中なし,適中なし,適中なし,雨の為中止。悪天候型。雲海は有。,,,,,
2010/6/24,無,30%,適中なし,適中なし,適中なし,雨、視界不良の為運休。,,,,,
2010/6/25,無,40%,空振り,適中なし,適中なし,視界20～30m。7時頃からエリア内全て見える。,,,,,
2010/6/26,無,60%,空振り,空振り,空振り,快晴。視界良好の為雲海無し。,,,,,
2010/6/27,無,50%,空振り,空振り,適中なし,御来光営業。晴れ。,,,,,
2010/6/28,無,40%,空振り,適中なし,適中なし,晴れ。十勝方面にモヤがかかって視界は良くない。,,,,,
2010/6/29,無,40%,空振り,適中なし,適中なし,視界良好。十勝（遠方）雲海見え出す。,,,,,
2010/6/30,無,70%,空振り,空振り,空振り,視界不良。雨の為中止。,,,,,
2010/7/1,有,40%,適中,見逃し,見逃し,営業前は雲海有。4：45～雲中、5：20雨降り出し中止,,,,,
2010/7/2,有,60%,適中,適中,適中,低い雲海有。6時頃～雲海無くなる。,,,,,
2010/7/3,無,30%,適中なし,適中なし,適中なし,雨、視界不良の為運休。,,,,,
2010/7/4,無,50%,空振り,空振り,適中なし,雨、濃霧の為運休。,,,,,
2010/7/5,有？,40%,適中,見逃し,見逃し,雲中。5：30～低い雲海見え出す。7時快晴。,,,,,
2010/7/6,無,50%,空振り,空振り,適中なし,雨、濃霧の為運休。,,,,,
2010/7/7,無,50%,空振り,空振り,適中なし,ずっと雲中。8時頃～エリア内見え出す。,,,,,
2010/7/8,無,60%,空振り,空振り,空振り,ずっと雲中。,,,,,
2010/7/9,有,40%,適中,見逃し,見逃し,5時頃～6時頃まで低い雲海有。山麓見えたり、見えなかったり。,,,,,
2010/7/10,無,50%,空振り,空振り,適中なし,雨天の為運休。,,,,,
2010/7/11,無,50%,空振り,空振り,適中なし,ずっと雲中。7時頃～視界有。,,,,,
2010/7/12,,,,,,雨の為運休。,,,,,
2010/7/13,有,50%,適中,適中,見逃し,十勝方面に有。視界見えたり、見えなかったり7時頃視界良好。,,,,,
2010/7/14,有,50%,適中,適中,見逃し,低い雲海有。（第6山頂くらい）十勝平野にも雲海出た。,,,,,
2010/7/15,有,30%,見逃し,見逃し,見逃し,キレイな低めの雲海有。8時まで雲海有。,,,,,
2010/7/16,有,60%,適中,適中,適中,キレイな低めの雲海有。6：30雲海無くなる。,,,,,
2010/7/17,無,50%,空振り,空振り,適中なし,雲中。7時頃～エリア内見え出す。,,,,,
2010/7/18,無,30%,適中なし,適中なし,適中なし,雨、視界不良の為運休。,,,,,
2010/7/19,無,40%,空振り,適中なし,適中なし,濃霧、強風の為運休。,,,,,
2010/7/20,無,40%,空振り,適中なし,適中なし,雲中。5：30～視界有。十勝方面高い雲海有。,,,,,
2010/7/21,有,40%,空振り,見逃し,見逃し,低い雲海有。,,,,,
2010/7/22,無,50%,空振り,空振り,適中なし,雨、視界不良の為運休。,,,,,
2010/7/23,無,,,,,雨、視界不良の為運休。,,,,,
2010/7/24,無,40%,空振り,適中なし,適中なし,雷、天候不良の為運休。,,,,,
2010/7/25,無,60%,空振り,空振り,空振り,雷、雨の為運休。,,,,,
2010/7/26,無,40%,空振り,適中なし,適中なし,視界有。,,,,,
2010/7/27,無,40%,空振り,適中なし,適中なし,雲中。8時頃雨の為中止。,,,,,
2010/7/28,無,40%,空振り,適中なし,適中なし,雨、視界不良の為運休。,,,,,
2010/7/29,無,30%,適中なし,適中なし,適中なし,視界有。5：30頃雨、雷の為中止。,,,,,
2010/7/30,無,30%,適中なし,適中なし,適中なし,視界有。6：40頃雨の為中止。,,,,,
2010/7/31,無,50%,空振り,空振り,適中なし,雲中、視界有の繰り返し。7時頃～晴れてくる。,,,,,
2010/8/1,無,40%,空振り,適中なし,適中なし,雷雨の為運休。,,,,,
2010/8/2,無,60%,空振り,空振り,空振り,雲中後、晴れ。,,,,,
2010/8/3,有,40%,適中,見逃し,見逃し,上トマム～駅にかけて低い雲海有り。7時に消える。,,,,,
2010/8/4,無,50%,空振り,空振り,適中なし,視界はあるが、雲海無し。,,,,,
2010/8/5,無,40%,空振り,適中なし,適中なし,視界有。全体的にモヤがかかっている。5時半頃～視界無し。,,,,,
2010/8/6,無,40%,空振り,適中なし,適中なし,視界良好。十勝方面は晴れ。,,,,,
2010/8/7,無,30%,適中なし,適中なし,適中なし,雲中。7時頃雨がちらつく。,,,,,
2010/8/8,無,40%,空振り,適中なし,適中なし,雨、濃霧の為運休。,,,,,
2010/8/9,有（遠）,40%,適中,見逃し,見逃し,遠くに雲海有り。見えたり見えなかったり。6時半～雲中。,,,,,
2010/8/10,有,40%,適中,見逃し,見逃し,7時半頃まで雲海有り。,,,,,
2010/8/11,有,60%,適中,適中,適中,低い雲海有り。十勝方面キレイな雲海有り。,,,,,
2010/8/12,無,30%,適中なし,適中なし,適中なし,雨の為　運休,,,,,
2010/8/13,無,40%,空振り,適中なし,適中なし,雲中。６時頃雨の為中止。,,,,,
2010/8/14,無,60%,空振り,空振り,空振り,視界良好。,,,,,
2010/8/15,無,60%,空振り,空振り,空振り,雲中。,,,,,
2010/8/16,無,40%,空振り,適中なし,適中なし,雨、視界不良の為運休。,,,,,
2010/8/17,無,60%,空振り,空振り,空振り,雲中。７時～晴れ,,,,,
2010/8/18,有（低）,40%,適中,見逃し,見逃し,早朝低い雲海有り。,,,,,
2010/8/19,無,60%,空振り,空振り,空振り,視界良好。,,,,,
2010/8/20,有,50%,適中,適中,見逃し,全面雲海。（低い）７時頃視界見え出す,,,,,
2010/8/21,無,50%,空振り,空振り,適中なし,視界良好。,,,,,
2010/8/22,無,40%,空振り,適中なし,適中なし,濃霧。運休,,,,,
2010/8/23,無,70%,空振り,空振り,空振り,視界良好。,,,,,
2010/8/24,無,30%,適中なし,適中なし,適中なし,悪天候の為運休。,,,,,
2010/8/25,有（低）,50%,適中,適中,見逃し,エリア内～上トマムまで低い雲海。,,,,,
2010/8/26,有,60%,適中,適中,適中,低い雲海,,,,,
2010/8/27,有,70%,適中,適中,適中,全面雲海。,,,,,
2010/8/28,有,60%,適中,適中,適中,上トマム～駅に低い雲海。,,,,,
2010/8/29,有（低）,60%,適中,適中,適中,低い雲海（エリア内～上トマム）,,,,,
2010/8/30,無,50%,空振り,空振り,適中なし,雲中。,,,,,
2010/8/31,無,40%,空振り,適中なし,適中なし,雲中。途中雨、後雲中,,,,,
2010/9/1,無,40%,空振り,適中なし,適中なし,雲中。８時頃～見え出す。,,,,,
2010/9/2,有,50%,適中,適中,見逃し,雲中。5時頃上トマム～駅、雲海。7時頃なくなる。,,,,,
2010/9/3,無,50%,空振り,空振り,適中なし,雨天の為、運休。,,,,,
2010/9/4,無,60%,空振り,空振り,空振り,雲海なし。雲中、時々エリア内が見える時も。,,,,,
2010/9/5,無,60%,空振り,空振り,空振り,雨が降ったり止んだり。,,,,,
2010/9/6,無,40%,空振り,適中なし,適中なし,雨の為、運休。,,,,,
2010/9/7,無,50%,空振り,空振り,適中なし,雲中。雨の為運休。,,,,,
2010/9/8,無,40%,空振り,適中なし,適中なし,霧雨～雲中～晴れ,,,,,
2010/9/9,無,50%,空振り,空振り,適中なし,快晴、十勝平野に雲海。営業中ずっと有。,,,,,
2010/9/10,無,60%,空振り,空振り,空振り,雲中。コンコまで見える。,,,,,
2010/9/11,無,40%,空振り,適中なし,適中なし,雲海なし。,,,,,
2010/9/12,有,60%,適中,適中,適中,雲海100％　営業中ずっと有。,,,,,
2010/9/13,有,60%,適中,適中,適中,エリア内の他に太平洋産雲海有り。,,,,,
2010/9/14,有,50%,適中,適中,見逃し,遠くに少し。エリア内低い雲海。,,,,,
2010/9/15,有,50%,適中,適中,見逃し,綺麗な雲海。6時半頃雲中。,,,,,
2010/9/16,有,60%,適中,適中,適中,雲海～雲中～雲海,,,,,
2010/9/17,無,40%,空振り,適中なし,適中なし,悪天候の為運休。,,,,,
2010/9/18,有,50%,適中,適中,見逃し,エリア内、高速道路側、低い雲海。,,,,,
2010/9/19,無,50%,空振り,空振り,適中なし,雨の為、運休。,,,,,
2010/9/20,有,60%,適中,適中,適中,雲中～6時半、雲海～8時頃雲中,,,,,
2010/9/21,無,30%,適中なし,適中なし,適中なし,営業中、雲中。,,,,,
2010/9/22,無,40%,空振り,適中なし,適中なし,雲中。,,,,,
2010/9/23,無,40%,空振り,適中なし,適中なし,曇り、景色が見えるのみ。,,,,,
2010/9/24,無,30%,適中なし,適中なし,適中なし,景色のみ。,,,,,
2010/9/25,無,60%,空振り,空振り,空振り,営業中ずっと、２℃。,,,,,
2010/9/26,無,40%,空振り,適中なし,適中なし,御来光営業、雲中。雲海なし。景色のみ。,,,,,
2010/9/27,無,40%,空振り,適中なし,適中なし,景色が見える。,,,,,
2010/9/28,無,30%,適中なし,適中なし,適中なし,雲中。,,,,,
2010/9/29,無,30%,適中なし,適中なし,適中なし,強風の為運休。,,,,,
2010/9/30,無,30%,適中なし,適中なし,適中なし,強風の為運休。,,,,,
2010/10/1,有,40%,適中,見逃し,見逃し,上トマム～駅にかけて有。６時まで雲海増えてタワーが1/3見えるぐらい。,,,,,
2010/10/2,有,50%,適中,適中,見逃し,低い雲海。上トマム～駅にかけて有。７時頃なくなる。,,,,,
2010/10/3,無,40%,空振り,適中なし,適中なし,雲中。営業中ずっと,,,,,
2010/10/4,無,20%,適中なし,適中なし,適中なし,運休。,,,,,
2010/10/5,無,40%,空振り,適中なし,適中なし,景色良し,,,,,
2010/10/6,無,60%,空振り,空振り,空振り,雲中。,,,,,
2010/10/7,有,60%,適中,適中,適中,雲海久しぶりに発生。かなり綺麗,,,,,
2010/10/8,有,40%,適中,見逃し,見逃し,全面雲海。８時頃から少し減る,,,,,
2010/10/9,無,40%,空振り,適中なし,適中なし,雲中,,,,,
2010/10/10,無,30%,適中なし,適中なし,適中なし,運休。,,,,,
2010/10/11,無,60%,空振り,空振り,空振り,営業前雲海有。開始後雲中、霧雨。,,,,,
2011/6/1,無,70%,空振り,空振り,空振り,営業初日、雲海無し。,,,,,
2011/6/2,有,50%,適中,適中,適中,綺麗な全面雲海、6：30頃なくなる。,,,,,
2011/6/3,無,40%,空振り,適中なし,適中なし,雲海無し、雨がちらちら降っていた。,,,,,
2011/6/4,無,50%,空振り,空振り,適中なし,雲海無し、視界良好。,,,,,
2011/6/5,無,60%,空振り,空振り,空振り,視界不良、営業中ずっと雲中。,,,,,
2011/6/6,無,40%,空振り,適中なし,適中なし,4：40ゴンドラ機械調整の為運休。,,,,,
2011/6/7,有,50%,適中,適中,見逃し,綺麗な全面雲海、タワーの頭が見えるくらい。,,,,,
2011/6/8,無,40%,空振り,適中なし,適中なし,上トマム～エリア内もや。,,,,,
2011/6/9,無,50%,空振り,空振り,適中なし,機械調整の為　6：30～営業開始。,,,,,
2011/6/10,無,50%,空振り,空振り,適中なし,雲中,,,,,
2011/6/11,無,40%,空振り,適中なし,適中なし,雲中、7：00頃から視界良好。,,,,,
2011/6/12,有,50%,適中,適中,見逃し,低い雲海、6：30頃から消えだした。,,,,,
2011/6/13,無,40%,空振り,適中なし,適中なし,視界不良、営業中ずっと雲中。,,,,,
2011/6/14,無,40%,空振り,適中なし,適中なし,視界不良、雲中。,,,,,
2011/6/15,無,60%,空振り,空振り,空振り,視界不良、雲中。,,,,,
2011/6/16,有,60%,適中,適中,適中,雲中→雲海→晴れ,,,,,
2011/6/17,有,60%,適中,適中,適中,エリア内低い、十勝方面綺麗な雲海。6：30エリア内消滅。,,,,,
2011/6/18,無,50%,空振り,空振り,適中なし,雲海なし、視界良好。,,,,,
2011/6/19,有,40%,適中,見逃し,見逃し,エリア内低い雲海。,,,,,
2011/6/20,無,40%,空振り,適中なし,適中なし,雲中→晴れ,,,,,
2011/6/21,無,50%,空振り,空振り,適中なし,快晴,,,,,
2011/6/22,無,40%,空振り,適中なし,適中なし,雲中,,,,,
2011/6/23,有,40%,適中,見逃し,見逃し,視界有。→雲海（十勝方面から）５:４０雲中６:１０雲海,,,,,
2011/6/24,無,40%,空振り,適中なし,適中なし,雲中→たまに視界有→雲中,,,,,
2011/6/25,無,50%,空振り,空振り,適中なし,曇りだが、視界良好。,,,,,
2011/6/26,有,70%,適中,適中,適中,トマム方面帯状の雲海、十勝方面キレイな雲海。,,,,,
2011/6/27,有,60%,適中,適中,適中,上トマム～駅にかけて雲海。5：20消滅,,,,,
2011/6/28,有,30%,見逃し,見逃し,見逃し,雲中→雲海（7：00）十勝平野,,,,,
2011/6/29,無,30%,適中なし,適中なし,適中なし,雲中,,,,,
2011/6/30,無,50%,空振り,空振り,適中なし,雲海なし、視界良好。,,,,,
2011/7/1,有,50%,空振り,空振り,見逃し,雲海→雲中→綺麗な雲海（6：20～7：00）,,,,,
2011/7/2,有,60%,適中,適中,適中,荒れた雲海（～7：30）,,,,,
2011/7/3,有,60%,適中,適中,適中,全面雲海（～7：15）,,,,,
2011/7/4,無,30%,適中なし,適中なし,適中なし,雲中→雨（6：30～）,,,,,
2011/7/5,,30%,,,,強風・視界不良　運休,,,,,
2011/7/6,無,50%,空振り,空振り,適中なし,雲中、雨が降ったり止んだり,,,,,
2011/7/7,有,60%,適中,適中,適中,トマム産　低い雲海　～６時まで,,,,,
2011/7/8,有,40%,適中,見逃し,見逃し,雲中→雲海（５時頃～）見えたり見えなかったり。悪天候型,,,,,
2011/7/9,無,40%,空振り,適中なし,適中なし,雲中,,,,,
2011/7/10,無,50%,空振り,空振り,適中なし,雲中　強風の為6：40分営業中止,,,,,
2011/7/11,有,60%,適中,適中,適中,低い雲海→雲中→晴れ,,,,,
2011/7/12,無,40%,空振り,適中なし,適中なし,雲中（雨パラパラ）→晴れ（７時頃）,,,,,
2011/7/13,無,40%,空振り,適中なし,適中なし,雲中。視界30ｍ→雨,,,,,
2011/7/14,無,30%,適中なし,適中なし,適中なし,雷雨の為　運休,,,,,
2011/7/15,無,30%,適中なし,適中なし,適中なし,雲中。雨,,,,,
2011/7/16,無,60%,空振り,空振り,空振り,霧雨、雲中,,,,,
2011/7/17,無,40%,空振り,適中なし,適中なし,薄っすら低い雲海→営業前に雲中,,,,,
2011/7/18,無,50%,空振り,空振り,適中なし,雲海見えたり見えなかったり,,,,,
2011/7/19,有,60%,適中,適中,適中,綺麗な全面雲海。営業中発生,,,,,
2011/7/20,無,50%,空振り,空振り,適中なし,雲中。８時頃から視界良くなる,,,,,
2011/7/21,有,40%,適中,見逃し,見逃し,エリア内のみ雲なし。十勝平野はずっと発生。,,,,,
2011/7/22,有,60%,適中,適中,適中,日高産型の全面雲海,,,,,
2011/7/23,無,70%,空振り,空振り,空振り,雲中,,,,,
2011/7/24,有,50%,適中,適中,見逃し,エリア内のみなし。その他有り　６時４５分消える　機械調整５：１５,,,,,
2011/7/25,有,40%,適中,見逃し,見逃し,雲中。７時５０分～８時５分雲海発見！,,,,,
2011/7/26,有,50%,適中,適中,見逃し,低いトマム産雲海　６時半ごろ消える,,,,,
2011/7/27,無,40%,空振り,適中なし,適中なし,景色のみ。雲なし,,,,,
2011/7/28,有,50%,適中,適中,見逃し,全面雲海。７時に雲海発生なし,,,,,
2011/7/29,有,50%,適中,適中,見逃し,全面雲海。７時に雲海発生なし,,,,,
2011/7/30,有,50%,適中,適中,見逃し,雲中。７時２０分～日高方面に雲海発見！,,,,,
2011/7/31,有,40%,適中,見逃し,見逃し,太平洋産型雲海現る。,,,,,
2011/8/1,有,60%,適中,適中,適中,トマム周辺無かったが5時半頃から全面,,,,,
2011/8/2,有,60%,適中,適中,適中,エリア内に帯状の雲海発生　5時～6時頃,,,,,
2011/8/3,有,60%,適中,適中,適中,全面　～7時頃まで,,,,,
2011/8/4,有,60%,適中,適中,適中,低い雲海　～6時半まで　十勝平野はあり,,,,,
2011/8/5,有,50%,適中,適中,見逃し,低い雲海　～6時まで　十勝平野から流れてくる,,,,,
2011/8/6,有,40%,適中,見逃し,見逃し,低い雲海　日高側から　～7時まで,,,,,
2011/8/7,有,60%,適中,適中,適中,低い雲海,,,,,
2011/8/8,有,60%,適中,適中,適中,全面　営業中ずっと,,,,,
2011/8/9,有,50%,適中,適中,見逃し,全面　～7時半まで,,,,,
2011/8/10,無,30%,適中なし,適中なし,適中なし,景色見える　5時10分～雲中,,,,,
2011/8/11,無,40%,空振り,適中なし,適中なし,雲中→視界有り→雲中の繰り返し,,,,,
2011/8/12,無,40%,空振り,適中なし,適中なし,雲中、強風　～7時半頃から視界良し,,,,,
2011/8/13,無,50%,空振り,空振り,適中なし,阿寒岳まで見えちゃった,,,,,
2011/8/14,無,50%,空振り,空振り,適中なし,曇り、風強し,,,,,
2011/8/15,無,40%,空振り,適中なし,適中なし,雲中　視界100ｍ　　4時半～強風・雷の恐れ運休,,,,,
2011/8/16,無,50%,空振り,空振り,適中なし,途中何度か雲海っぽく見えるが　今一,,,,,
2011/8/17,無,30%,適中なし,適中なし,適中なし,大雨、雷注意報　運休,,,,,
2011/8/18,無,40%,空振り,適中なし,適中なし,雲中　視界50ｍ　営業中は気温も視界も変わらず,,,,,
2011/8/19,有,50%,適中,適中,見逃し,エリア内上空　少々　　十勝方面一部雲海。見えたり見えなかったり,,,,,
2011/8/20,無,60%,空振り,空振り,空振り,雲中　5時頃少し雲海見えるが、すぐ雲中　7時15分～視界有り,,,,,
2011/8/21,有,60%,適中,適中,適中,全面雲海　6時40分～雲中,,,,,
2011/8/22,無,60%,空振り,空振り,空振り,雲中→雲海（20分）→雲中,,,,,
2011/8/23,無,40%,空振り,適中なし,適中なし,雲中,,,,,
2011/8/24,有,60%,適中,適中,適中,低い雲海有り,,,,,
2011/8/25,有,40%,適中,見逃し,見逃し,全面雲海　6時40分～見えたり見えなかったり,,,,,
2011/8/26,有,50%,適中,適中,見逃し,エリア内、十勝（一部）低い雲海,,,,,
2011/8/27,有,60%,適中,適中,適中,エリア内、十勝（一部）低い雲海,,,,,
2011/8/28,有,60%,適中,適中,適中,低い雲海　十勝方面雲なし,,,,,
2011/8/29,無,60%,空振り,空振り,空振り,快晴（一時運休有り）,,,,,
2011/8/30,有,50%,適中,適中,見逃し,低い雲海,,,,,
2011/8/31,有,50%,適中,適中,見逃し,エリア内上空雲なし　他全面雲海。後、全面雲海。見えたり見えなかったり,,,,,
2011/9/1,有,40%,適中,見逃し,見逃し,十勝方向　一部雲海。雲中→視界有り,,,,,
2011/9/2,無,40%,空振り,適中なし,適中なし,大雨・雷の為運休,,,,,
2011/9/3,有,40%,適中,見逃し,見逃し,十勝方面のみ全面雲海,,,,,
2011/9/4,無,40%,空振り,適中なし,適中なし,雲中,,,,,
2011/9/5,無,30%,適中なし,適中なし,適中なし,強風の為　運休,,,,,
2011/9/6,無,30%,適中なし,適中なし,適中なし,強風の為　運休,,,,,
2011/9/7,無,40%,空振り,適中なし,適中なし,視界良好　風強い　７時半～雨・雲中,,,,,
2011/9/8,無,30%,適中なし,適中なし,適中なし,大雨・強風　運休,,,,,
2011/9/9,無,50%,空振り,空振り,適中なし,視界良好　,,,,,
2011/9/10,無,50%,空振り,空振り,適中なし,雲中,,,,,
2011/9/11,無,50%,空振り,空振り,適中なし,視界良好,,,,,
2011/9/12,無,30%,適中なし,適中なし,適中なし,雨・雷の為　運休,,,,,
2011/9/13,有,60%,適中,適中,適中,低い雲海→７時～綺麗な全面雲海　日高産,,,,,
2011/9/14,有,60%,適中,適中,適中,エリア内上空　雲海→６時半～綺麗な全面,,,,,
2011/9/15,無,40%,空振り,適中なし,適中なし,小雨,,,,,
2011/9/16,無,40%,空振り,適中なし,適中なし,雲中,,,,,
2011/9/17,無,40%,空振り,適中なし,適中なし,雲中→小雨→曇り,,,,,
2011/9/18,無,40%,空振り,適中なし,適中なし,雨、雲中,,,,,
2011/9/19,無,60%,空振り,空振り,空振り,視界良好,,,,,
2011/9/20,有,60%,適中,適中,適中,低い雲海,,,,,
2011/9/21,無,40%,空振り,適中なし,適中なし,途中から雲中,,,,,
2011/9/22,無,30%,適中なし,適中なし,適中なし,大雨・強風の為　運休,,,,,
2011/9/23,無,40%,空振り,適中なし,適中なし,雲中,,,,,
2011/9/24,有,50%,適中,適中,見逃し,小雨→曇り　全面雲海,,,,,
2011/9/25,有,50%,適中,適中,見逃し,低い雲海,,,,,
2011/9/26,有,60%,適中,適中,適中,低い雲海＆十勝高い雲海→全面雲海,,,,,
2011/9/27,有,60%,適中,適中,適中,もや→低い雲海,,,,,
2011/9/28,有,60%,適中,適中,適中,トマム周辺低い雲海,,,,,
2011/9/29,有,60%,適中,適中,適中,低い雲海,,,,,
2011/9/30,無,40%,空振り,適中なし,適中なし,十勝方面に少し有→6：30消滅,,,,,
2011/10/1,無,40%,空振り,適中なし,適中なし,視界不良→良くなったり悪くなったり,,,,,
2011/10/2,有,50%,適中,適中,見逃し,低い雲海　７時～無くなる　トマム初雪,,,,,
2011/10/3,無,40%,空振り,適中なし,適中なし,吹雪の為　運休,,,,,
2011/10/4,無,40%,空振り,適中なし,適中なし,低い雲海らしきものはあったが30分で消えた,,,,,
2011/10/5,無,50%,空振り,空振り,適中なし,景色見える、風が有って寒い,,,,,
2011/10/6,無,40%,空振り,適中なし,適中なし,空の半分が雲で、日の出見えず,,,,,
2011/10/7,無,30%,適中なし,適中なし,適中なし,雷雨の為　運休,,,,,
2011/10/8,無,50%,空振り,空振り,適中なし,雲中→６時から晴れ,,,,,
2011/10/9,無,70%,空振り,空振り,空振り,雲中→６時半から晴れ,,,,,
2011/10/10,無,60%,空振り,空振り,空振り,景色のみ見える、日の出見えず,,,,,
2012/6/1,0,60,空振り,空振り,空振り,,,,,,
2012/6/2,1,50,適中,適中,見逃し,,,,,,
2012/6/3,1,60,適中,適中,適中,,,,,,
2012/6/4,1,70,適中,適中,適中,,,,,,
2012/6/5,0,50,空振り,空振り,適中なし,,,,,,
2012/6/6,0,50,空振り,空振り,適中なし,,,,,,
2012/6/7,1,40,適中,見逃し,見逃し,,,,,,
2012/6/8,1,40,適中,見逃し,見逃し,,,,,,
2012/6/9,0,50,空振り,空振り,適中なし,,,,,,
2012/6/10,1,50,適中,適中,見逃し,,,,,,
2012/6/11,0,50,空振り,空振り,適中なし,,,,,,
2012/6/12,0,40,空振り,適中なし,適中なし,,,,,,
2012/6/13,0,50,空振り,空振り,適中なし,,,,,,
2012/6/14,1,50,適中,適中,見逃し,,,,,,
2012/6/15,1,60,適中,適中,適中,,,,,,
2012/6/16,1,70,適中,適中,適中,,,,,,
2012/6/17,0,50,空振り,空振り,適中なし,,,,,,
2012/6/18,0,50,空振り,空振り,適中なし,,,,,,
2012/6/19,1,40,適中,見逃し,見逃し,,,,,,
2012/6/20,0,30,適中なし,適中なし,適中なし,,,,,,
2012/6/21,0,30,適中なし,適中なし,適中なし,,,,,,
2012/6/22,0,40,空振り,適中なし,適中なし,,,,,,
2012/6/23,0,40,空振り,適中なし,適中なし,,,,,,
2012/6/24,1,60,適中,適中,適中,,,,,,
2012/6/25,1,60,適中,適中,適中,,,,,,
2012/6/26,0,60,空振り,空振り,空振り,,,,,,
2012/6/27,1,60,適中,適中,適中,,,,,,
2012/6/28,0,40,空振り,適中なし,適中なし,,,,,,
2012/6/29,0,40,空振り,適中なし,適中なし,,,,,,
2012/6/30,0,40,空振り,適中なし,適中なし,,,,,,
2012/7/1,1,40,適中,見逃し,見逃し,,,,,,
2012/7/2,1,60,適中,適中,適中,,,,,,
2012/7/3,1,60,適中,適中,適中,,,,,,
2012/7/4,1,70,適中,適中,適中,,,,,,
2012/7/5,1,40,適中,見逃し,見逃し,,,,,,
2012/7/6,0,40,空振り,適中なし,適中なし,,,,,,
2012/7/7,0,40,空振り,適中なし,適中なし,,,,,,
2012/7/8,1,50,適中,適中,見逃し,,,,,,
2012/7/9,0,30,適中なし,適中なし,適中なし,,,,,,
2012/7/10,0,60,空振り,空振り,空振り,,,,,,
2012/7/11,1,50,適中,適中,見逃し,,,,,,
2012/7/12,0,40,空振り,適中なし,適中なし,,,,,,
2012/7/13,0,40,空振り,適中なし,適中なし,,,,,,
2012/7/14,0,50,空振り,空振り,適中なし,,,,,,
2012/7/15,1,60,適中,適中,適中,,,,,,
2012/7/16,1,60,適中,適中,適中,,,,,,
2012/7/17,0,50,空振り,空振り,適中なし,,,,,,
2012/7/18,1,60,適中,適中,適中,,,,,,
2012/7/19,0,60,空振り,空振り,空振り,,,,,,
2012/7/20,0,50,空振り,空振り,適中なし,,,,,,
2012/7/21,1,60,適中,適中,適中,,,,,,
2012/7/22,0,50,空振り,空振り,適中なし,,,,,,
2012/7/23,1,50,適中,適中,見逃し,,,,,,
2012/7/24,1,60,適中,適中,適中,,,,,,
2012/7/25,0,40,空振り,適中なし,適中なし,,,,,,
2012/7/26,1,50,適中,適中,見逃し,,,,,,
2012/7/27,0,50,空振り,空振り,適中なし,,,,,,
2012/7/28,0,40,空振り,適中なし,適中なし,,,,,,
2012/7/29,0,50,空振り,空振り,適中なし,,,,,,
2012/7/30,1,50,適中,適中,見逃し,,,,,,
2012/7/31,0,50,空振り,空振り,適中なし,,,,,,
2012/8/1,0,40,空振り,適中なし,適中なし,,,,,,
2012/8/2,1,50,適中,適中,見逃し,,,,,,
2012/8/3,0,60,空振り,空振り,空振り,,,,,,
2012/8/4,0,50,空振り,空振り,適中なし,,,,,,
2012/8/5,0,40,空振り,適中なし,適中なし,,,,,,
2012/8/6,0,40,空振り,適中なし,適中なし,,,,,,
2012/8/7,0,60,空振り,空振り,空振り,,,,,,
2012/8/8,1,50,適中,適中,見逃し,,,,,,
2012/8/9,0,60,空振り,空振り,空振り,,,,,,
2012/8/10,0,40,空振り,適中なし,適中なし,,,,,,
2012/8/11,0,50,空振り,空振り,適中なし,,,,,,
2012/8/12,1,60,適中,適中,適中,,,,,,
2012/8/13,1,40,適中,見逃し,見逃し,,,,,,
2012/8/14,0,50,空振り,空振り,適中なし,,,,,,
2012/8/15,0,60,空振り,空振り,空振り,,,,,,
2012/8/16,0,30,適中なし,適中なし,適中なし,,,,,,
2012/8/17,1,50,適中,適中,見逃し,,,,,,
2012/8/18,0,50,空振り,空振り,適中なし,,,,,,
2012/8/19,1,60,適中,適中,適中,,,,,,
2012/8/20,0,50,空振り,空振り,適中なし,,,,,,
2012/8/21,1,50,適中,適中,見逃し,,,,,,
2012/8/22,1,60,適中,適中,適中,,,,,,
2012/8/23,0,40,空振り,適中なし,適中なし,,,,,,
2012/8/24,0,40,空振り,適中なし,適中なし,,,,,,
2012/8/25,1,50,適中,適中,見逃し,,,,,,
2012/8/26,1,60,適中,適中,適中,,,,,,
2012/8/27,0,50,空振り,空振り,適中なし,,,,,,
2012/8/28,1,60,適中,適中,適中,,,,,,
2012/8/29,1,60,適中,適中,適中,,,,,,
2012/8/30,0,40,空振り,適中なし,適中なし,,,,,,
2012/8/31,0,50,空振り,空振り,適中なし,,,,,,
2012/9/1,1,50,適中,適中,見逃し,,,,,,
2012/9/2,1,70,適中,適中,適中,,,,,,
2012/9/3,1,60,適中,適中,適中,,,,,,
2012/9/4,0,50,空振り,空振り,適中なし,,,,,,
2012/9/5,0,50,空振り,空振り,適中なし,,,,,,
2012/9/6,1,40,適中,見逃し,見逃し,,,,,,
2012/9/7,1,50,適中,適中,見逃し,,,,,,
2012/9/8,0,50,空振り,空振り,適中なし,,,,,,
2012/9/9,0,50,空振り,空振り,適中なし,,,,,,
2012/9/10,,30,,,,,,,,,
2012/9/11,0,40,空振り,適中なし,適中なし,,,,,,
2012/9/12,0,30,適中なし,適中なし,適中なし,,,,,,
2012/9/13,1,50,適中,適中,見逃し,,,,,,
2012/9/14,1,60,適中,適中,適中,,,,,,
2012/9/15,0,60,空振り,空振り,空振り,,,,,,
2012/9/16,0,50,空振り,空振り,適中なし,,,,,,
2012/9/17,1,50,適中,適中,見逃し,,,,,,
2012/9/18,1,50,適中,適中,見逃し,,,,,,
2012/9/19,1,40,適中,見逃し,見逃し,,,,,,
2012/9/20,0,50,空振り,空振り,適中なし,,,,,,
2012/9/21,1,60,適中,適中,適中,,,,,,
2012/9/22,1,50,適中,適中,見逃し,,,,,,
2012/9/23,0,60,空振り,空振り,空振り,,,,,,
2012/9/24,0,40,空振り,適中なし,適中なし,,,,,,
2012/9/25,,40,,,,,,,,,
2012/9/26,1,60,適中,適中,適中,,,,,,
2012/9/27,0,50,空振り,空振り,適中なし,,,,,,
2012/9/28,0,40,空振り,適中なし,適中なし,,,,,,
2012/9/29,0,40,空振り,適中なし,適中なし,,,,,,
2012/9/30,,50,,,,,,,,,
2012/10/1,,30,,,,,,,,,
2012/10/2,1,60,適中,適中,適中,,,,,,
2012/10/3,1,60,適中,適中,適中,,,,,,
2012/10/4,0,60,空振り,空振り,空振り,,,,,,
2012/10/5,1,60,適中,適中,適中,,,,,,
2012/10/6,0,50,空振り,空振り,適中なし,,,,,,
2012/10/7,1,60,適中,適中,適中,,,,,,
2012/10/8,1,50,適中,適中,見逃し,,,,,,
2012/10/9,1,60,適中,適中,適中,,,,,,
2013/5/25,1,60,適中,適中,適中,,,,,,
2013/5/26,1,60,適中,適中,適中,,,,,,
2013/5/27,0,60,空振り,空振り,空振り,,,,,,
2013/5/28,0,40,空振り,適中なし,適中なし,,,,,,
2013/5/29,1,40,適中,見逃し,見逃し,,,,,,
2013/5/30,1,30,見逃し,見逃し,見逃し,,,,,,
2013/5/31,1,60,適中,適中,適中,,,,,,
2013/6/1,0,40,空振り,適中なし,適中なし,,,,,,
2013/6/2,1,60,適中,適中,適中,,,,,,
2013/6/3,0,60,空振り,空振り,空振り,,,,,,
2013/6/4,1,60,適中,適中,適中,,,,,,
2013/6/5,1,60,適中,適中,適中,,,,,,
2013/6/6,1,60,適中,適中,適中,,,,,,
2013/6/7,1,60,適中,適中,適中,,,,,,
2013/6/8,1,60,適中,適中,適中,,,,,,
2013/6/9,1,70,適中,適中,適中,,,,,,
2013/6/10,0,60,空振り,空振り,空振り,,,,,,
2013/6/11,1,40,適中,見逃し,見逃し,,,,,,
2013/6/12,1,70,適中,適中,適中,,,,,,
2013/6/13,1,60,適中,適中,適中,,,,,,
2013/6/14,1,40,適中,見逃し,見逃し,,,,,,
2013/6/15,0,40,空振り,適中なし,適中なし,,,,,,
2013/6/16,1,60,適中,適中,適中,,,,,,
2013/6/17,1,40,適中,見逃し,見逃し,,,,,,
2013/6/18,0,30,適中なし,適中なし,適中なし,,,,,,
2013/6/19,0,40,空振り,適中なし,適中なし,,,,,,
2013/6/20,0,40,空振り,適中なし,適中なし,,,,,,
2013/6/21,1,40,適中,見逃し,見逃し,,,,,,
2013/6/22,0,60,空振り,空振り,空振り,,,,,,
2013/6/23,1,60,適中,適中,適中,,,,,,
2013/6/24,0,60,空振り,空振り,空振り,,,,,,
2013/6/25,0,60,空振り,空振り,空振り,,,,,,
2013/6/26,1,60,適中,適中,適中,,,,,,
2013/6/27,,,,,,,,,,,
2013/6/28,1,60,適中,適中,適中,,,,,,
2013/6/29,1,70,適中,適中,適中,,,,,,
2013/6/30,1,60,適中,適中,適中,,,,,,
2013/7/1,1,60,適中,適中,適中,,,,,,
2013/7/2,1,60,適中,適中,適中,,,,,,
2013/7/3,0,60,空振り,空振り,空振り,,,,,,
2013/7/4,0,30,適中なし,適中なし,適中なし,,,,,,
2013/7/5,1,60,適中,適中,適中,,,,,,
2013/7/6,1,60,適中,適中,適中,,,,,,
2013/7/7,0,60,空振り,空振り,空振り,,,,,,
2013/7/8,1,40,適中,見逃し,見逃し,,,,,,
2013/7/9,0,40,空振り,適中なし,適中なし,,,,,,
2013/7/10,0,30,適中なし,適中なし,適中なし,,,,,,
2013/7/11,1,60,適中,適中,適中,,,,,,
2013/7/12,1,40,適中,見逃し,見逃し,,,,,,
2013/7/13,0,60,空振り,空振り,空振り,,,,,,
2013/7/14,1,60,適中,適中,適中,,,,,,
2013/7/15,1,60,適中,適中,適中,,,,,,
2013/7/16,1,60,適中,適中,適中,,,,,,
2013/7/17,0,60,空振り,空振り,空振り,,,,,,
2013/7/18,0,60,空振り,空振り,空振り,,,,,,
2013/7/19,1,60,適中,適中,適中,,,,,,
2013/7/20,1,60,適中,適中,適中,,,,,,
2013/7/21,0,70,空振り,空振り,空振り,,,,,,
2013/7/22,1,40,適中,見逃し,見逃し,,,,,,
2013/7/23,1,60,適中,適中,適中,,,,,,
2013/7/24,1,60,適中,適中,適中,,,,,,
2013/7/25,0,60,空振り,空振り,空振り,,,,,,
2013/7/26,0,40,空振り,適中なし,適中なし,,,,,,
2013/7/27,0,40,空振り,適中なし,適中なし,,,,,,
2013/7/28,0,40,空振り,適中なし,適中なし,,,,,,
2013/7/29,0,40,空振り,適中なし,適中なし,,,,,,
2013/7/30,0,40,空振り,適中なし,適中なし,,,,,,
2013/7/31,1,40,適中,見逃し,見逃し,,,,,,
2013/8/1,1,40,適中,見逃し,見逃し,,,,,,
2013/8/2,1,60,適中,適中,適中,,,,,,
2013/8/3,0,60,空振り,空振り,空振り,,,,,,
2013/8/4,0,60,空振り,空振り,空振り,,,,,,
2013/8/5,1,60,適中,適中,適中,,,,,,
2013/8/6,1,40,適中,見逃し,見逃し,,,,,,
2013/8/7,1,40,適中,見逃し,見逃し,,,,,,
2013/8/8,1,50,適中,適中,見逃し,,,,,,
2013/8/9,1,60,適中,適中,適中,,,,,,
2013/8/10,0,40,空振り,適中なし,適中なし,,,,,,
2013/8/11,1,60,適中,適中,適中,,,,,,
2013/8/12,0,40,空振り,適中なし,適中なし,,,,,,
2013/8/13,1,40,適中,見逃し,見逃し,,,,,,
2013/8/14,1,60,適中,適中,適中,,,,,,
2013/8/15,0,40,空振り,適中なし,適中なし,,,,,,
2013/8/16,0,40,空振り,適中なし,適中なし,,,,,,
2013/8/17,0,40,空振り,適中なし,適中なし,,,,,,
2013/8/18,0,30,適中なし,適中なし,適中なし,,,,,,
2013/8/19,0,30,適中なし,適中なし,適中なし,,,,,,
2013/8/20,1,40,適中,見逃し,見逃し,,,,,,
2013/8/21,1,40,適中,見逃し,見逃し,,,,,,
2013/8/22,1,40,適中,見逃し,見逃し,,,,,,
2013/8/23,1,40,適中,見逃し,見逃し,,,,,,
2013/8/24,1,60,適中,適中,適中,,,,,,
2013/8/25,1,40,適中,見逃し,見逃し,,,,,,
2013/8/26,0,60,空振り,空振り,空振り,,,,,,
2013/8/27,1,60,適中,適中,適中,,,,,,
2013/8/28,0,30,適中なし,適中なし,適中なし,,,,,,
2013/8/29,0,40,空振り,適中なし,適中なし,,,,,,
2013/8/30,0,30,適中なし,適中なし,適中なし,,,,,,
2013/8/31,1,40,適中,見逃し,見逃し,,,,,,
2013/9/1,,30,,,,,,,,,
2013/9/2,0,40,空振り,適中なし,適中なし,,,,,,
2013/9/3,1,40,適中,見逃し,見逃し,,,,,,
2013/9/4,,30,,,,,,,,,
2013/9/5,,40,,,,,,,,,
2013/9/6,0,60,空振り,空振り,空振り,,,,,,
2013/9/7,1,60,適中,適中,適中,,,,,,
2013/9/8,1,60,適中,適中,適中,,,,,,
2013/9/9,1,50,適中,適中,見逃し,,,,,,
2013/9/10,1,60,適中,適中,適中,,,,,,
2013/9/11,1,60,適中,適中,適中,,,,,,
2013/9/12,,50,,,,,,,,,
2013/9/13,1,60,適中,適中,適中,,,,,,
2013/9/14,0,30,適中なし,適中なし,適中なし,,,,,,
2013/9/15,0,40,空振り,適中なし,適中なし,,,,,,
2013/9/16,,30,,,,,,,,,
2013/9/17,0,60,空振り,空振り,空振り,,,,,,
2013/9/18,0,60,空振り,空振り,空振り,,,,,,
2013/9/19,1,50,適中,適中,見逃し,,,,,,
2013/9/20,0,60,空振り,空振り,空振り,,,,,,
2013/9/21,0,40,空振り,適中なし,適中なし,,,,,,
2013/9/22,0,50,空振り,空振り,適中なし,,,,,,
2013/9/23,0,60,空振り,空振り,空振り,,,,,,
2013/9/24,,50,,,,,,,,,
2013/9/25,,30,,,,,,,,,
2013/9/26,0,40,空振り,適中なし,適中なし,,,,,,
2013/9/27,0,40,空振り,適中なし,適中なし,,,,,,
2013/9/28,1,40,適中,見逃し,見逃し,,,,,,
2013/9/29,0,60,空振り,空振り,空振り,,,,,,
2013/9/30,0,50,空振り,空振り,適中なし,,,,,,
2013/10/1,0,40,空振り,適中なし,適中なし,,,,,,
2013/10/2,1,50,適中,適中,見逃し,,,,,,
2013/10/3,0,40,空振り,適中なし,適中なし,,,,,,
2013/10/4,,30,,,,,,,,,
2013/10/5,0,50,空振り,空振り,適中なし,,,,,,
2013/10/6,0,40,空振り,適中なし,適中なし,,,,,,
2013/10/7,1,50,適中,適中,見逃し,,,,,,
2013/10/8,1,40,適中,見逃し,見逃し,,,,,,
2013/10/9,0,40,空振り,適中なし,適中なし,,,,,,
2013/10/10,1,50,適中,適中,見逃し,,,,,,
2013/10/11,1,50,適中,適中,見逃し,,,,,,
2013/10/12,,30,,,,,,,,,
2013/10/13,,40,,,,,,,,,
2013/10/14,1,50,適中,適中,見逃し,,,,,,
2013/10/15,,30,,,,,,,,,
2013/10/16,,30,,,,,,,,,
2013/10/17,,0,,,,,,,,,
2013/10/18,,0,,,,,,,,,
2013/10/19,1,40,適中,見逃し,見逃し,,,,,,
2013/10/20,0,50,空振り,空振り,適中なし,,,,,,
2013/10/21,0,40,空振り,適中なし,適中なし,,,,,,
2013/10/22,0,50,空振り,空振り,適中なし,,,,,,
2013/10/23,0,50,空振り,空振り,適中なし,,,,,,
2013/10/24,1,50,適中,適中,見逃し,,,,,,
2013/10/25,,0,,,,,,,,,
2013/10/26,0,30,適中なし,適中なし,適中なし,,,,,,
2013/10/27,0,40,空振り,適中なし,適中なし,,,,,,
2013/10/28,0,50,空振り,空振り,適中なし,,,,,,
2014/5/17,0,20,適中なし,適中なし,適中なし,,,,,,
2014/5/18,0,30,適中なし,適中なし,適中なし,,,,,,
2014/5/19,0,40,空振り,適中なし,適中なし,,,,,,
2014/5/20,0,40,空振り,適中なし,適中なし,,,,,,
2014/5/21,0,50,空振り,空振り,適中なし,,,,,,
2014/5/22,0,40,空振り,適中なし,適中なし,,,,,,
2014/5/23,1,40,適中,見逃し,見逃し,,,,,,
2014/5/24,1,50,適中,適中,見逃し,,,,,,
2014/5/25,0,50,空振り,空振り,適中なし,,,,,,
2014/5/26,0,60,空振り,空振り,空振り,,,,,,
2014/5/27,1,20,見逃し,見逃し,見逃し,,,,,,
2014/5/28,1,60,適中,適中,適中,,,,,,
2014/5/29,0,40,空振り,適中なし,適中なし,,,,,,
2014/5/30,0,50,空振り,空振り,適中なし,,,,,,
2014/5/31,1,40,適中,見逃し,見逃し,,,,,,
2014/6/1,0,40,空振り,適中なし,適中なし,,,,,,
2014/6/2,0,52,空振り,空振り,適中なし,,,,,,
2014/6/3,0,39,適中なし,適中なし,適中なし,,,,,,
2014/6/4,0,53,空振り,空振り,適中なし,,,,,,
2014/6/5,0,59,空振り,空振り,適中なし,,,,,,
2014/6/6,1,41,適中,見逃し,見逃し,,,,,,
2014/6/7,1,53,適中,適中,見逃し,,,,,,
2014/6/8,1,48,適中,見逃し,見逃し,,,,,,
2014/6/9,1,43,適中,見逃し,見逃し,,,,,,
2014/6/10,1,48,適中,見逃し,見逃し,,,,,,
2014/6/11,1,40,適中,見逃し,見逃し,,,,,,
2014/6/12,1,40,適中,見逃し,見逃し,,,,,,
2014/6/13,0,30,適中なし,適中なし,適中なし,,,,,,
2014/6/14,0,40,空振り,適中なし,適中なし,,,,,,
2014/6/15,0,40,空振り,適中なし,適中なし,,,,,,
2014/6/16,0,40,空振り,適中なし,適中なし,,,,,,
2014/6/17,0,60,空振り,空振り,空振り,,,,,,
2014/6/18,1,40,適中,見逃し,見逃し,,,,,,
2014/6/19,1,50,適中,適中,見逃し,,,,,,
2014/6/20,1,40,適中,見逃し,見逃し,,,,,,
2014/6/21,0,60,空振り,空振り,空振り,,,,,,
2014/6/22,1,50,適中,適中,見逃し,,,,,,
2014/6/23,1,50,適中,適中,見逃し,,,,,,
2014/6/24,1,50,適中,適中,見逃し,,,,,,
2014/6/25,1,60,適中,適中,適中,,,,,,
2014/6/26,1,50,適中,適中,見逃し,,,,,,
2014/6/27,1,60,適中,適中,適中,,,,,,
2014/6/28,1,60,適中,適中,適中,,,,,,
2014/6/29,0,50,空振り,空振り,適中なし,,,,,,
2014/6/30,0,40,空振り,適中なし,適中なし,,,,,,
2014/7/1,1,50,適中,適中,見逃し,,,,,,
2014/7/2,0,50,空振り,空振り,適中なし,,,,,,
2014/7/3,0,40,空振り,適中なし,適中なし,,,,,,
2014/7/4,0,50,空振り,空振り,適中なし,,,,,,
2014/7/5,0,50,空振り,空振り,適中なし,,,,,,
2014/7/6,1,50,適中,適中,見逃し,,,,,,
2014/7/7,1,50,適中,適中,見逃し,,,,,,
2014/7/8,1,60,適中,適中,適中,,,,,,
2014/7/9,1,40,適中,見逃し,見逃し,,,,,,
2014/7/10,0,30,適中なし,適中なし,適中なし,,,,,,
2014/7/11,1,30,見逃し,見逃し,見逃し,,,,,,
2014/7/12,0,40,空振り,適中,適中,,,,,,
2014/7/13,0,40,空振り,適中なし,適中なし,,,,,,
2014/7/14,1,40,適中,見逃し,見逃し,,,,,,
2014/7/15,0,50,空振り,空振り,適中なし,,,,,,
2014/7/16,1,40,適中,見逃し,見逃し,,,,,,
2014/7/17,1,50,適中,適中,見逃し,,,,,,
2014/7/18,1,40,適中,見逃し,見逃し,,,,,,
2014/7/19,0,50,空振り,空振り,適中なし,,,,,,
2014/7/20,0,50,空振り,空振り,適中なし,,,,,,
2014/7/21,0,50,空振り,空振り,適中なし,,,,,,
2014/7/22,1,40,適中,見逃し,見逃し,,,,,,
2014/7/23,0,30,適中なし,適中なし,適中なし,,,,,,
2014/7/24,1,40,適中,見逃し,見逃し,,,,,,
2014/7/25,0,60,空振り,空振り,空振り,,,,,,
2014/7/26,0,60,空振り,空振り,空振り,,,,,,
2014/7/27,0,40,空振り,適中なし,適中なし,,,,,,
2014/7/28,0,30,適中なし,適中なし,適中なし,,,,,,
2014/7/29,1,50,適中,適中,見逃し,,,,,,
2014/7/30,1,50,適中,適中,見逃し,,,,,,
2014/7/31,0,40,空振り,適中なし,適中なし,,,,,,
2014/8/1,0,40,空振り,適中なし,適中なし,,,,,,
2014/8/2,1,50,適中,適中,見逃し,,,,,,
2014/8/3,1,60,適中,適中,適中,,,,,,
2014/8/4,0,50,空振り,空振り,適中なし,,,,,,
2014/8/5,,30,,,,,,,,,
2014/8/6,1,30,見逃し,見逃し,見逃し,,,,,,
2014/8/7,,40,,,,,,,,,
2014/8/8,,40,,,,,,,,,
2014/8/9,1,50,適中,適中,,,,,,,
2014/8/10,1,50,適中,適中,,,,,,,
2014/8/11,,0,,,,,,,,,
2014/8/12,,60,,,,,,,,,
2014/8/13,0,40,空振り,適中なし,適中なし,,,,,,
2014/8/14,0,40,空振り,適中なし,適中なし,,,,,,
2014/8/15,1,50,適中,適中,見逃し,,,,,,
2014/8/16,1,50,適中,適中,見逃し,,,,,,
2014/8/17,1,50,適中,適中,見逃し,,,,,,
2014/8/18,1,60,適中,適中,適中,,,,,,
2014/8/19,1,40,適中,見逃し,見逃し,,,,,,
2014/8/20,,0,,,,,,,,,
2014/8/21,0,50,空振り,空振り,適中なし,,,,,,
2014/8/22,0,40,空振り,適中なし,適中なし,,,,,,
2014/8/23,0,30,適中なし,適中なし,適中なし,,,,,,
2014/8/24,0,30,適中なし,適中なし,適中なし,,,,,,
2014/8/25,0,40,空振り,適中なし,適中なし,,,,,,
2014/8/26,0,50,空振り,空振り,適中なし,,,,,,
2014/8/27,1,50,適中,適中,見逃し,,,,,,
2014/8/28,0,50,空振り,空振り,適中なし,,,,,,
2014/8/29,1,40,適中,見逃し,見逃し,,,,,,
2014/8/30,1,60,適中,適中,適中,,,,,,
2014/8/31,1,60,適中,適中,適中,,,,,,
2014/9/1,1,50,適中,適中,見逃し,,,,,,
2014/9/2,1,50,適中,適中,見逃し,,,,,,
2014/9/3,1,50,適中,適中,見逃し,,,,,,
2014/9/4,0,60,空振り,空振り,空振り,,,,,,
2014/9/5,,30,,,,,,,,,
2014/9/6,,40,,,,,,,,,
2014/9/7,1,40,適中,見逃し,見逃し,,,,,,
2014/9/8,0,40,空振り,適中なし,適中なし,,,,,,
2014/9/9,0,40,空振り,適中なし,適中なし,,,,,,
2014/9/10,0,30,適中なし,適中なし,適中なし,,,,,,
2014/9/11,0,30,適中なし,適中なし,適中なし,,,,,,
2014/9/12,0,30,適中なし,適中なし,適中なし,,,,,,
2014/9/13,1,40,適中,見逃し,見逃し,,,,,,
2014/9/14,1,60,適中,適中,適中,,,,,,
2014/9/15,1,60,適中,適中,適中,,,,,,
2014/9/16,0,40,空振り,適中なし,適中なし,,,,,,
2014/9/17,0,30,適中なし,適中なし,適中なし,,,,,,
2014/9/18,1,40,適中,見逃し,見逃し,,,,,,
2014/9/19,,30,,,,,,,,,
2014/9/20,0,50,空振り,空振り,適中なし,,,,,,
2014/9/21,1,60,適中,適中,適中,,,,,,
2014/9/22,1,50,適中,適中,見逃し,,,,,,
2014/9/23,1,50,適中,適中,見逃し,,,,,,
2014/9/24,1,50,適中,適中,見逃し,,,,,,
2014/9/25,0,30,適中なし,適中なし,適中なし,,,,,,
2014/9/26,1,40,適中,見逃し,見逃し,,,,,,
2014/9/27,0,50,空振り,空振り,適中なし,,,,,,
2014/9/28,1,40,適中,見逃し,見逃し,,,,,,
2014/9/29,1,40,適中,見逃し,見逃し,,,,,,
2014/9/30,1,40,適中,見逃し,見逃し,,,,,,
2014/10/1,0,60,空振り,空振り,空振り,,,,,,
2014/10/2,0,50,空振り,空振り,適中なし,,,,,,
2014/10/3,0,30,適中なし,適中なし,適中なし,,,,,,
2014/10/4,0,30,適中なし,適中なし,適中なし,,,,,,
2014/10/5,0,60,空振り,空振り,空振り,,,,,,
2014/10/6,0,40,空振り,適中なし,適中なし,,,,,,
2014/10/7,1,50,適中,適中,見逃し,,,,,,
2014/10/8,0,40,空振り,適中なし,適中なし,,,,,,
2014/10/9,1,50,適中,適中,見逃し,,,,,,
2014/10/10,,30,,,,,,,,,
2014/10/11,,50,,,,,,,,,
2014/10/12,1,50,適中,適中,見逃し,,,,,,
2014/10/13,0,50,空振り,空振り,適中なし,,,,,,
2014/10/14,,40,,,,,,,,,
2014/10/15,,50,,,,,,,,,
2014/10/16,,40,,,,,,,,,
2014/10/17,,30,,,,,,,,,
2014/10/18,0,40,空振り,適中なし,適中なし,,,,,,
2014/10/19,0,60,空振り,空振り,空振り,,,,,,
2014/10/20,0,40,空振り,適中なし,適中なし,,,,,,
2014/10/21,,30,,,,,,,,,
2014/10/22,,40,,,,,,,,,
2014/10/23,0,40,空振り,適中なし,適中なし,,,,,,
2014/10/24,0,30,適中なし,適中なし,適中なし,,,,,,
2014/10/25,0,50,空振り,空振り,適中なし,,,,,,
2014/10/26,,40,,,,,,,,,
2014/10/27,0,40,空振り,適中なし,適中なし,,,,,,
2015/5/16,0,20,適中なし,適中なし,適中なし,,,,,,
2015/5/17,0,30,適中なし,適中なし,適中なし,,,,,,
2015/5/18,0,40,空振り,適中なし,適中なし,,,,,,
2015/5/19,1,30,見逃し,見逃し,見逃し,,,,,,
2015/5/20,0,20,適中なし,適中なし,適中なし,,,,,,
2015/5/21,0,50,空振り,空振り,適中なし,,,,,,
2015/5/22,0,30,適中なし,適中なし,適中なし,,,,,,
2015/5/23,0,30,適中なし,適中なし,適中なし,,,,,,
2015/5/24,0,20,適中なし,適中なし,適中なし,,,,,,
2015/5/25,0,30,適中なし,適中なし,適中なし,,,,,,
2015/5/26,0,20,適中なし,適中なし,適中なし,,,,,,
2015/5/27,1,20,見逃し,見逃し,見逃し,,,,,,
2015/5/28,0,30,適中なし,適中なし,適中なし,,,,,,
2015/5/29,0,30,適中なし,適中なし,適中なし,,,,,,
2015/5/30,0,20,適中なし,適中なし,適中なし,,,,,,
2015/5/31,,30,,,,,,,,,
2015/6/1,0,30,適中なし,適中なし,適中なし,,,,,,
2015/6/2,0,20,適中なし,適中なし,適中なし,,,,,,
2015/6/3,0,30,適中なし,適中なし,適中なし,,,,,,
2015/6/4,0,20,適中なし,適中なし,適中なし,,,,,,
2015/6/5,0,20,適中なし,適中なし,適中なし,,,,,,
2015/6/6,1,40,適中,見逃し,見逃し,,,,,,
2015/6/7,0,30,適中なし,適中なし,適中なし,,,,,,
2015/6/8,0,40,空振り,適中なし,適中なし,,,,,,
2015/6/9,0,40,空振り,適中なし,適中なし,,,,,,
2015/6/10,0,20,適中なし,適中なし,適中なし,,,,,,
2015/6/11,0,30,適中なし,適中なし,適中なし,,,,,,
2015/6/12,1,50,適中,適中,見逃し,,,,,,
2015/6/13,1,20,見逃し,見逃し,見逃し,,,,,,
2015/6/14,0,30,適中なし,適中なし,適中なし,,,,,,
2015/6/15,0,30,適中なし,適中なし,適中なし,,,,,,
2015/6/16,1,40,適中,適中,適中,,,,,,
2015/6/17,1,50,適中,適中,見逃し,,,,,,
2015/6/18,1,60,適中,適中,適中,,,,,,
2015/6/19,1,40,適中,見逃し,見逃し,,,,,,
2015/6/20,1,30,見逃し,見逃し,見逃し,,,,,,
2015/6/21,1,30,見逃し,見逃し,見逃し,,,,,,
2015/6/22,0,30,適中なし,適中なし,適中なし,,,,,,
2015/6/23,0,30,適中なし,適中なし,適中なし,,,,,,
2015/6/24,0,30,適中なし,適中なし,適中なし,,,,,,
2015/6/25,0,30,適中なし,適中なし,適中なし,,,,,,
2015/6/26,1,30,見逃し,見逃し,見逃し,,,,,,
2015/6/27,0,30,適中なし,適中なし,適中なし,,,,,,
2015/6/28,0,20,適中なし,適中なし,適中なし,,,,,,
2015/6/29,0,50,空振り,空振り,適中なし,,,,,,
2015/6/30,0,30,適中なし,適中なし,適中なし,,,,,,
2015/7/1,0,20,適中なし,適中なし,適中なし,,,,,,
2015/7/2,0,20,適中なし,適中なし,適中なし,,,,,,
2015/7/3,0,20,適中なし,適中なし,適中なし,,,,,,
2015/7/4,1,30,見逃し,見逃し,見逃し,,,,,,
2015/7/5,1,40,適中,見逃し,見逃し,,,,,,
2015/7/6,1,40,適中,見逃し,見逃し,,,,,,
2015/7/7,0,20,適中なし,適中なし,適中なし,,,,,,
2015/7/8,0,40,空振り,適中なし,適中なし,,,,,,
2015/7/9,1,30,見逃し,見逃し,見逃し,,,,,,
2015/7/10,1,30,見逃し,見逃し,見逃し,,,,,,
2015/7/11,1,40,適中,見逃し,見逃し,,,,,,
2015/7/12,1,30,見逃し,見逃し,見逃し,,,,,,
2015/7/13,0,30,適中なし,適中なし,適中なし,,,,,,
2015/7/14,0,30,適中なし,適中なし,適中なし,,,,,,
2015/7/15,0,20,適中なし,適中なし,適中なし,,,,,,
2015/7/16,0,30,適中なし,適中なし,適中なし,,,,,,
2015/7/17,1,20,見逃し,見逃し,見逃し,,,,,,
2015/7/18,0,20,適中なし,適中なし,適中なし,,,,,,
2015/7/19,0,20,適中なし,適中なし,適中なし,,,,,,
2015/7/20,1,40,適中,適中,適中,,,,,,
2015/7/21,1,30,見逃し,見逃し,見逃し,,,,,,
2015/7/22,0,20,適中なし,適中なし,適中なし,,,,,,
2015/7/23,0,20,適中なし,適中なし,適中なし,,,,,,
2015/7/24,1,30,見逃し,見逃し,見逃し,,,,,,
2015/7/25,1,20,見逃し,見逃し,見逃し,,,,,,
2015/7/26,0,30,適中なし,適中なし,適中なし,,,,,,
2015/7/27,0,30,適中なし,適中なし,適中なし,,,,,,
2015/7/28,1,20,見逃し,見逃し,見逃し,,,,,,
2015/7/29,1,20,見逃し,見逃し,見逃し,,,,,,
2015/7/30,0,30,適中なし,適中なし,適中なし,,,,,,
2015/7/31,0,30,適中なし,適中なし,適中なし,,,,,,
2015/8/1,0,20,適中なし,適中なし,適中なし,,,,,,
2015/8/2,1,40,適中,適中,適中,,,,,,
2015/8/3,1,50,適中,適中,見逃し,,,,,,
2015/8/4,0,40,空振り,適中なし,適中なし,,,,,,
2015/8/5,0,30,適中なし,適中なし,適中なし,,,,,,
2015/8/6,0,20,適中なし,適中なし,適中なし,,,,,,
2015/8/7,0,20,適中なし,適中なし,適中なし,,,,,,
2015/8/8,1,40,適中,見逃し,見逃し,,,,,,
2015/8/9,1,30,見逃し,見逃し,見逃し,,,,,,
2015/8/10,1,30,見逃し,見逃し,見逃し,,,,,,
2015/8/11,0,50,空振り,空振り,適中なし,,,,,,
2015/8/12,1,30,見逃し,見逃し,見逃し,,,,,,
2015/8/13,1,50,適中,適中,見逃し,,,,,,
2015/8/14,0,40,空振り,適中なし,適中なし,,,,,,
2015/8/15,1,20,見逃し,見逃し,見逃し,,,,,,
2015/8/16,1,20,見逃し,見逃し,見逃し,,,,,,
2015/8/17,1,20,見逃し,見逃し,見逃し,,,,,,
2015/8/18,0,20,適中なし,適中なし,適中なし,,,,,,
2015/8/19,0,30,適中なし,適中なし,適中なし,,,,,,
2015/8/20,0,30,適中なし,適中なし,適中なし,,,,,,
2015/8/21,0,30,適中なし,適中なし,適中なし,,,,,,
2015/8/22,0,30,適中なし,適中なし,適中なし,,,,,,
2015/8/23,1,60,適中,適中,適中,,,,,,
2015/8/24,1,30,見逃し,見逃し,見逃し,,,,,,
2015/8/25,1,30,見逃し,見逃し,見逃し,,,,,,
2015/8/26,0,30,適中なし,適中なし,適中なし,,,,,,
2015/8/27,0,40,空振り,適中なし,適中なし,,,,,,
2015/8/28,1,50,適中,適中,適中,,,,,,
2015/8/29,0,70,空振り,空振り,空振り,,,,,,
2015/8/30,1,50,適中,適中,見逃し,,,,,,
2015/8/31,1,50,適中,適中,見逃し,,,,,,
2015/9/1,1,30,見逃し,見逃し,見逃し,,,,,,
2015/9/2,1,50,適中,適中,見逃し,,,,,,
2015/9/3,0,40,空振り,適中なし,適中なし,,,,,,
2015/9/4,0,50,空振り,空振り,適中なし,,,,,,
2015/9/5,1,40,適中,見逃し,見逃し,,,,,,
2015/9/6,1,50,適中,適中,見逃し,,,,,,
2015/9/7,0,50,空振り,空振り,適中なし,,,,,,
2015/9/8,1,50,適中,適中,見逃し,,,,,,
2015/9/9,0,60,空振り,空振り,空振り,,,,,,
2015/9/10,0,30,適中なし,適中なし,適中なし,,,,,,
2015/9/11,0,20,適中なし,適中なし,適中なし,,,,,,
2015/9/12,0,20,適中なし,適中なし,適中なし,,,,,,
2015/9/13,0,30,適中なし,適中なし,適中なし,,,,,,
2015/9/14,1,30,見逃し,見逃し,見逃し,,,,,,
2015/9/15,1,60,適中,適中,適中,,,,,,
2015/9/16,1,50,適中,適中,見逃し,,,,,,
2015/9/17,0,50,空振り,空振り,適中なし,,,,,,
2015/9/18,0,40,空振り,適中なし,適中なし,,,,,,
2015/9/19,0,20,適中なし,適中なし,適中なし,,,,,,
2015/9/20,0,20,適中なし,適中なし,適中なし,,,,,,
2015/9/21,1,40,適中,適中,適中,,,,,,
2015/9/22,1,40,適中,適中,適中,,,,,,
2015/9/23,0,60,空振り,空振り,空振り,,,,,,
2015/9/24,0,40,空振り,適中なし,適中なし,,,,,,
2015/9/25,0,40,空振り,適中なし,適中なし,,,,,,
2015/9/26,1,40,適中,見逃し,見逃し,,,,,,
2015/9/27,1,30,見逃し,見逃し,見逃し,,,,,,
2015/9/28,1,20,見逃し,見逃し,見逃し,,,,,,
2015/9/29,0,30,適中なし,適中なし,適中なし,,,,,,
2015/9/30,0,30,適中なし,適中なし,適中なし,,,,,,
2015/10/1,0,40,空振り,適中なし,適中なし,,,,,,
2015/10/2,,0,,,,,,,,,
2015/10/3,,0,,,,,,,,,
2015/10/4,0,40,空振り,適中なし,適中なし,,,,,,
2015/10/5,0,40,空振り,適中なし,適中なし,,,,,,
2015/10/6,1,40,適中,見逃し,適中,,,,,,
2015/10/7,0,40,空振り,適中なし,適中なし,,,,,,
2015/10/8,,30,,,,,,,,,
2015/10/9,,20,,,,,,,,,
2015/10/10,,30,,,,,,,,,
2015/10/11,0,60,空振り,空振り,空振り,,,,,,
2015/10/12,,0,,,,,,,,,
2015/10/13,0,30,適中なし,適中なし,適中なし,,,,,,
2016/5/14,,30,,,,,,,,,
2016/5/15,0,30,適中なし,適中なし,適中なし,,,,,,
2016/5/16,1,50,適中,適中,見逃し,,,,,,
2016/5/17,,,,,,,,,,,
2016/5/18,0,30,適中なし,適中なし,適中なし,,,,,,
2016/5/19,0,40,空振り,適中なし,適中なし,,,,,,
2016/5/20,0,20,適中なし,適中なし,適中なし,,,,,,
2016/5/21,0,30,適中なし,適中なし,適中なし,,,,,,
2016/5/22,0,30,適中なし,適中なし,適中なし,,,,,,
2016/5/23,0,30,適中なし,適中なし,適中なし,,,,,,
2016/5/24,0,20,適中なし,適中なし,適中なし,,,,,,
2016/5/25,1,30,見逃し,見逃し,見逃し,,,,,,
2016/5/26,0,40,空振り,適中なし,適中なし,,,,,,
2016/5/27,0,30,適中なし,適中なし,適中なし,,,,,,
2016/5/28,0,30,適中なし,適中なし,適中なし,,,,,,
2016/5/29,1,30,見逃し,見逃し,見逃し,,,,,,
2016/5/30,,30,,,,,,,,,
2016/5/31,1,30,見逃し,見逃し,見逃し,,,,,,
2016/6/1,1,20,見逃し,見逃し,見逃し,,,,,,
2016/6/2,0,,,,,,,,,,
2016/6/3,0,30,適中なし,適中なし,適中なし,,,,,,
2016/6/4,0,30,適中なし,適中なし,適中なし,,,,,,
2016/6/5,0,30,適中なし,適中なし,適中なし,,,,,,
2016/6/6,1,30,見逃し,見逃し,見逃し,,,,,,
2016/6/7,0,30,適中なし,適中なし,適中なし,,,,,,
2016/6/8,0,30,適中なし,適中なし,適中なし,,,,,,
2016/6/9,0,30,適中なし,適中なし,適中なし,,,,,,
2016/6/10,0,30,適中なし,適中なし,適中なし,,,,,,
2016/6/11,0,20,適中なし,適中なし,適中なし,,,,,,
2016/6/12,1,40,適中,見逃し,見逃し,,,,,,
2016/6/13,0,40,空振り,適中なし,適中なし,,,,,,
2016/6/14,0,20,適中なし,適中なし,適中なし,,,,,,
2016/6/15,1,30,見逃し,見逃し,見逃し,,,,,,
2016/6/16,0,40,空振り,適中なし,適中なし,,,,,,
2016/6/17,0,20,適中なし,適中なし,適中なし,,,,,,
2016/6/18,0,30,適中なし,適中なし,適中なし,,,,,,
2016/6/19,1,30,見逃し,見逃し,見逃し,,,,,,
2016/6/20,0,30,適中なし,適中なし,適中なし,,,,,,
2016/6/21,0,30,適中なし,適中なし,適中なし,,,,,,
2016/6/22,0,50,空振り,空振り,適中なし,,,,,,
2016/6/23,0,40,空振り,適中なし,適中なし,,,,,,
2016/6/24,1,30,見逃し,見逃し,見逃し,,,,,,
2016/6/25,0,30,適中なし,適中なし,適中なし,,,,,,
2016/6/26,0,20,適中なし,適中なし,適中なし,,,,,,
2016/6/27,1,40,適中,見逃し,見逃し,,,,,,
2016/6/28,1,40,適中,見逃し,見逃し,,,,,,
2016/6/29,1,50,適中,適中,見逃し,,,,,,
2016/6/30,0,30,適中なし,適中なし,適中なし,,,,,,
2016/7/1,0,30,適中なし,適中なし,適中なし,,,,,,
2016/7/2,0,30,適中なし,適中なし,適中なし,,,,,,
2016/7/3,0,20,適中なし,適中なし,適中なし,,,,,,
2016/7/4,0,30,適中なし,適中なし,適中なし,,,,,,
2016/7/5,1,50,適中,適中,見逃し,,,,,,
2016/7/6,1,30,見逃し,見逃し,見逃し,,,,,,
2016/7/7,1,40,適中,見逃し,見逃し,,,,,,
2016/7/8,1,20,見逃し,見逃し,見逃し,,,,,,
2016/7/9,1,30,見逃し,見逃し,見逃し,,,,,,
2016/7/10,0,30,適中なし,適中なし,適中なし,,,,,,
2016/7/11,0,30,適中なし,適中なし,適中なし,,,,,,
2016/7/12,1,30,見逃し,見逃し,見逃し,,,,,,
2016/7/13,1,30,見逃し,見逃し,見逃し,,,,,,
2016/7/14,1,40,適中,見逃し,見逃し,,,,,,
2016/7/15,0,60,空振り,空振り,空振り,,,,,,
2016/7/16,1,50,適中,適中,見逃し,,,,,,
2016/7/17,1,40,適中,見逃し,見逃し,,,,,,
2016/7/18,0,50,空振り,空振り,適中なし,,,,,,
2016/7/19,0,20,適中なし,適中なし,適中なし,,,,,,
2016/7/20,0,20,適中なし,適中なし,適中なし,,,,,,
2016/7/21,1,30,見逃し,見逃し,見逃し,,,,,,
2016/7/22,1,40,適中,見逃し,見逃し,,,,,,
2016/7/23,1,40,適中,見逃し,見逃し,,,,,,
2016/7/24,1,50,適中,適中,適中,,,,,,
2016/7/25,1,50,適中,適中,適中,,,,,,
2016/7/26,1,40,適中,見逃し,見逃し,,,,,,
2016/7/27,0,40,空振り,空振り,空振り,,,,,,
2016/7/28,0,,,,,,,,,,
2016/7/29,0,,,,,,,,,,
2016/7/30,0,,,,,,,,,,
2016/7/31,0,30,適中なし,適中なし,適中なし,,,,,,
2016/8/1,1,30,見逃し,見逃し,見逃し,,,,,,
2016/8/2,1,30,見逃し,見逃し,見逃し,,,,,,
2016/8/3,1,30,見逃し,見逃し,見逃し,,,,,,
2016/8/4,0,30,適中なし,適中なし,適中なし,,,,,,
2016/8/5,0,30,適中なし,適中なし,適中なし,,,,,,
2016/8/6,0,20,適中なし,適中なし,適中なし,,,,,,
2016/8/7,0,30,適中なし,適中なし,適中なし,,,,,,
2016/8/8,1,30,見逃し,見逃し,見逃し,,,,,,
2016/8/9,,30,,,,,,,,,
2016/8/10,1,30,見逃し,見逃し,見逃し,,,,,,
2016/8/11,1,30,見逃し,見逃し,見逃し,,,,,,
2016/8/12,1,30,見逃し,見逃し,見逃し,,,,,,
2016/8/13,1,30,見逃し,見逃し,見逃し,,,,,,
2016/8/14,0,60,空振り,空振り,空振り,,,,,,
2016/8/15,0,20,適中なし,適中なし,適中なし,,,,,,
2016/8/16,1,30,見逃し,見逃し,見逃し,,,,,,
2016/8/17,0,,,,,,,,,,
2016/8/18,0,,,,,,,,,,
2016/8/19,0,30,適中なし,適中なし,適中なし,,,,,,
2016/8/20,,20,,,,,,,,,
2016/8/21,0,20,適中なし,適中なし,適中なし,,,,,,
2016/8/22,0,20,適中なし,適中なし,適中なし,,,,,,
2016/8/23,0,,,,,,,,,,
2016/8/24,1,30,見逃し,見逃し,見逃し,,,,,,
2016/8/25,1,50,適中,適中,見逃し,,,,,,
2016/8/26,0,20,適中なし,適中なし,適中なし,,,,,,
2016/8/27,1,40,適中,見逃し,見逃し,,,,,,
2016/8/28,0,30,適中なし,適中なし,適中なし,,,,,,
2016/8/29,0,30,適中なし,適中なし,適中なし,,,,,,
2016/8/30,0,20,適中なし,適中なし,適中なし,,,,,,
2016/8/31,,,,,,,,,,,
2016/9/1,,,,,,,,,,,
2016/9/2,,,,,,,,,,,
2016/9/3,,,,,,,,,,,
2016/9/4,,,,,,,,,,,
2016/9/5,,,,,,,,,,,
2016/9/6,,,,,,,,,,,
2016/9/7,,,,,,,,,,,
2016/9/8,,,,,,,,,,,
2016/9/9,0,,,,,,,,,,
2016/9/10,0,,,,,,,,,,
2016/9/11,1,,,,,,,,,,
2016/9/12,1,,,,,,,,,,
2016/9/13,0,,,,,,,,,,
2016/9/14,1,,,,,,,,,,
2016/9/15,1,,,,,,,,,,
2016/9/16,1,,,,,,,,,,
2016/9/17,0,,,,,,,,,,
2016/9/18,0,,,,,,,,,,
2016/9/19,1,,,,,,,,,,
2016/9/20,1,,,,,,,,,,
2016/9/21,1,,,,,,,,,,
2016/9/22,0,,,,,,,,,,
2016/9/23,0,,,,,,,,,,
2016/9/24,1,,,,,,,,,,
2016/9/25,1,,,,,,,,,,
2016/9/26,0,,,,,,,,,,
2016/9/27,0,,,,,,,,,,
2016/9/28,0,,,,,,,,,,
2016/9/29,1,,,,,,,,,,
2016/9/30,1,,,,,,,,,,
2016/10/1,0,30,適中,適中,適中,,,,,,
2016/10/2,0,30,適中,適中,適中,,,,,,
2016/10/3,0,20,適中,適中,適中,,,,,,
2016/10/4,0,,,,,,,,,,
2016/10/5,0,30,適中,適中,適中,,,,,,
2016/10/6,0,,,,,,,,,,
2016/10/7,0,20,適中,適中,適中,,,,,,
2016/10/8,0,20,適中,適中,適中,,,,,,
2016/10/9,0,30,適中,適中,適中,,,,,,
2016/10/10,0,20,適中,適中,適中,,,,,,
2016/10/11,0,20,適中,適中,適中,,,,,,
2016/10/12,0,20,適中,適中,適中,,,,,,
2016/10/13,0,20,適中,適中,適中,,,,,,
2016/10/14,0,30,適中,適中,適中,,,,,,
2016/10/15,0,20,適中,適中,適中,,,,,,
2016/10/16,0,30,適中,適中,適中,,,,,,
2016/10/17,0,30,適中,適中,適中,,,,,,
2017/5/13,1,30,見逃し,見逃し,見逃し,,,,,,
2017/5/14,1,30,見逃し,見逃し,見逃し,,,,,,
2017/5/15,0,30,適中なし,適中なし,適中なし,,,,,,
2017/5/16,0,20,適中なし,適中なし,適中なし,,,,,,
2017/5/17,0,30,適中なし,適中なし,適中なし,,,,,,
2017/5/18,1,30,見逃し,見逃し,見逃し,,,,,,
2017/5/19,0,20,適中なし,適中なし,適中なし,,,,,,
2017/5/20,0,30,適中なし,適中なし,適中なし,,,,,,
2017/5/21,0,40,空振り,適中なし,適中なし,,,,,,
2017/5/22,1,20,見逃し,見逃し,見逃し,,,,,,
2017/5/23,0,20,適中なし,適中なし,適中なし,,,,,,
2017/5/24,0,30,適中なし,適中なし,適中なし,,,,,,
2017/5/25,1,30,見逃し,見逃し,見逃し,,,,,,
2017/5/26,0,40,空振り,適中なし,適中なし,,,,,,
2017/5/27,0,20,適中なし,適中なし,適中なし,,,,,,
2017/5/28,0,20,適中なし,適中なし,適中なし,,,,,,
2017/5/29,0,40,空振り,適中なし,適中なし,,,,,,
2017/5/30,0,20,適中なし,適中なし,適中なし,,,,,,
2017/5/31,0,20,適中なし,適中なし,適中なし,,,,,,
2017/6/1,0,30,適中なし,適中なし,適中なし,,,,,,
2017/6/2,0,20,適中なし,適中なし,適中なし,,,,,,
2017/6/3,1,30,見逃し,見逃し,見逃し,,,,,,
2017/6/4,0,30,適中なし,適中なし,適中なし,,,,,,
2017/6/5,1,20,見逃し,見逃し,見逃し,,,,,,
2017/6/6,1,30,見逃し,見逃し,見逃し,,,,,,
2017/6/7,0,30,適中なし,適中なし,適中なし,,,,,,
2017/6/8,0,20,適中なし,適中なし,適中なし,,,,,,
2017/6/9,0,30,適中なし,適中なし,適中なし,,,,,,
2017/6/10,0,20,適中なし,適中なし,適中なし,,,,,,
2017/6/11,1,20,見逃し,見逃し,見逃し,,,,,,
2017/6/12,1,30,見逃し,見逃し,見逃し,,,,,,
2017/6/13,1,30,見逃し,見逃し,見逃し,,,,,,
2017/6/14,0,30,適中なし,適中なし,適中なし,,,,,,
2017/6/15,1,30,見逃し,見逃し,見逃し,,,,,,
2017/6/16,0,20,適中なし,適中なし,適中なし,,,,,,
2017/6/17,1,40,適中,見逃し,見逃し,,,,,,
2017/6/18,0,40,空振り,適中なし,適中なし,,,,,,
2017/6/19,1,30,見逃し,見逃し,見逃し,,,,,,
2017/6/20,1,20,見逃し,見逃し,見逃し,,,,,,
2017/6/21,1,30,見逃し,見逃し,見逃し,,,,,,
2017/6/22,0,,,,,,,,,,
2017/6/23,0,40,空振り,適中なし,適中なし,,,,,,
2017/6/24,1,40,適中,見逃し,見逃し,,,,,,
2017/6/25,0,30,適中なし,適中なし,適中なし,,,,,,
2017/6/26,0,30,適中なし,適中なし,適中なし,,,,,,
2017/6/27,0,20,適中なし,適中なし,適中なし,,,,,,
2017/6/28,1,20,見逃し,見逃し,見逃し,,,,,,
2017/6/29,0,30,適中なし,適中なし,適中なし,,,,,,
2017/6/30,0,20,適中なし,適中なし,適中なし,,,,,,
2017/7/1,0,40,空振り,適中なし,適中なし,,,,,,
2017/7/2,1,20,見逃し,見逃し,見逃し,,,,,,
2017/7/3,1,40,適中,見逃し,見逃し,,,,,,
2017/7/4,0,,,,,,,,,,
2017/7/5,0,30,適中なし,適中なし,適中なし,,,,,,
2017/7/6,0,30,適中なし,適中なし,適中なし,,,,,,
2017/7/7,1,20,見逃し,見逃し,見逃し,,,,,,
2017/7/8,0,40,空振り,適中なし,適中なし,,,,,,
2017/7/9,1,30,見逃し,見逃し,見逃し,,,,,,
2017/7/10,0,30,適中なし,適中なし,適中なし,,,,,,
2017/7/11,0,30,適中なし,適中なし,適中なし,,,,,,
2017/7/12,0,20,適中なし,適中なし,適中なし,,,,,,
2017/7/13,1,20,見逃し,見逃し,見逃し,,,,,,
2017/7/14,0,30,適中なし,適中なし,適中なし,,,,,,
2017/7/15,0,40,空振り,適中なし,適中なし,,,,,,
2017/7/16,0,30,適中なし,適中なし,適中なし,,,,,,
2017/7/17,1,20,見逃し,見逃し,見逃し,,,,,,
2017/7/18,0,30,適中なし,適中なし,適中なし,,,,,,
2017/7/19,0,30,適中なし,適中なし,適中なし,,,,,,
2017/7/20,0,20,適中なし,適中なし,適中なし,,,,,,
2017/7/21,0,30,適中なし,適中なし,適中なし,,,,,,
2017/7/22,0,20,適中なし,適中なし,適中なし,,,,,,
2017/7/23,1,20,見逃し,見逃し,見逃し,,,,,,
2017/7/24,1,30,見逃し,見逃し,見逃し,,,,,,
2017/7/25,1,30,見逃し,見逃し,見逃し,,,,,,
2017/7/26,0,30,適中なし,適中なし,適中なし,,,,,,
2017/7/27,0,40,空振り,適中なし,適中なし,,,,,,
2017/7/28,0,30,適中なし,適中なし,適中なし,,,,,,
2017/7/29,1,30,見逃し,見逃し,見逃し,,,,,,
2017/7/30,1,60,適中,適中,適中,,,,,,
2017/7/31,0,50,空振り,空振り,適中なし,,,,,,
2017/8/1,0,20,適中なし,適中なし,適中なし,,,,,,
2017/8/2,1,40,適中,見逃し,見逃し,,,,,,
2017/8/3,0,50,空振り,空振り,適中なし,,,,,,
2017/8/4,1,30,見逃し,見逃し,見逃し,,,,,,
2017/8/5,1,30,見逃し,見逃し,見逃し,,,,,,
2017/8/6,1,40,適中,見逃し,見逃し,,,,,,
2017/8/7,1,50,適中,適中,見逃し,,,,,,
2017/8/8,1,40,適中,見逃し,見逃し,,,,,,
2017/8/9,0,40,空振り,適中なし,適中なし,,,,,,
2017/8/10,0,30,適中なし,適中なし,適中なし,,,,,,
2017/8/11,1,40,適中,見逃し,見逃し,,,,,,
2017/8/12,0,20,適中なし,適中なし,適中なし,,,,,,
2017/8/13,0,20,適中なし,適中なし,適中なし,,,,,,
2017/8/14,1,30,見逃し,見逃し,見逃し,,,,,,
2017/8/15,0,30,適中なし,適中なし,適中なし,,,,,,
2017/8/16,0,30,適中なし,適中なし,適中なし,,,,,,
2017/8/17,1,40,適中,見逃し,見逃し,,,,,,
2017/8/18,1,30,見逃し,見逃し,見逃し,,,,,,
2017/8/19,0,40,空振り,適中なし,適中なし,,,,,,
2017/8/20,1,40,適中,見逃し,見逃し,,,,,,
2017/8/21,1,40,適中,見逃し,見逃し,,,,,,
2017/8/22,0,20,適中なし,適中なし,適中なし,,,,,,
2017/8/23,0,20,適中なし,適中なし,適中なし,,,,,,
2017/8/24,0,30,適中なし,適中なし,適中なし,,,,,,
2017/8/25,0,20,適中なし,適中なし,適中なし,,,,,,
2017/8/26,0,30,適中なし,適中なし,適中なし,,,,,,
2017/8/27,0,60,空振り,空振り,空振り,,,,,,
2017/8/28,1,40,適中,見逃し,見逃し,,,,,,
2017/8/29,0,20,適中なし,適中なし,適中なし,,,,,,
2017/8/30,0,30,適中なし,適中なし,適中なし,,,,,,
2017/8/31,0,30,適中なし,適中なし,適中なし,,,,,,
2017/9/1,1,30,見逃し,見逃し,見逃し,,,,,,
2017/9/2,1,40,適中,見逃し,見逃し,,,,,,
2017/9/3,1,50,適中,適中,見逃し,,,,,,
2017/9/4,1,50,適中,適中,見逃し,,,,,,
2017/9/5,1,50,適中,適中,見逃し,,,,,,
2017/9/6,0,70,空振り,空振り,空振り,,,,,,
2017/9/7,1,50,適中,適中,見逃し,,,,,,
2017/9/8,1,30,見逃し,見逃し,見逃し,,,,,,
2017/9/9,1,40,適中,見逃し,見逃し,,,,,,
2017/9/10,0,,,,,,,,,,
2017/9/11,0,30,適中なし,適中なし,適中なし,,,,,,
2017/9/12,0,30,適中なし,適中なし,適中なし,,,,,,
2017/9/13,1,20,見逃し,見逃し,見逃し,,,,,,
2017/9/14,0,20,適中なし,適中なし,適中なし,,,,,,
2017/9/15,0,20,適中なし,適中なし,適中なし,,,,,,
2017/9/16,1,40,適中,見逃し,見逃し,,,,,,
2017/9/17,0,60,空振り,空振り,空振り,,,,,,
2017/9/18,0,20,適中なし,適中なし,適中なし,,,,,,
2017/9/19,0,30,適中なし,適中なし,適中なし,,,,,,
2017/9/20,0,50,空振り,空振り,適中なし,,,,,,
2017/9/21,0,20,適中なし,適中なし,適中なし,,,,,,
2017/9/22,1,40,適中,見逃し,見逃し,,,,,,
2017/9/23,0,50,空振り,空振り,適中なし,,,,,,
2017/9/24,1,40,適中,見逃し,見逃し,,,,,,
2017/9/25,1,30,見逃し,見逃し,見逃し,,,,,,
2017/9/26,0,50,空振り,空振り,適中なし,,,,,,
2017/9/27,0,30,適中なし,適中なし,適中なし,,,,,,
2017/9/28,0,20,適中なし,適中なし,適中なし,,,,,,
2017/9/29,1,50,適中,適中,見逃し,,,,,,
2017/9/30,0,40,空振り,適中なし,適中なし,,,,,,
2017/10/1,0,30,適中なし,適中なし,適中なし,,,,,,
2017/10/2,0,20,適中なし,適中なし,適中なし,,,,,,
2017/10/3,0,30,適中なし,適中なし,適中なし,,,,,,
2017/10/4,0,30,適中なし,適中なし,適中なし,,,,,,
2017/10/5,0,30,適中なし,適中なし,適中なし,,,,,,
2017/10/6,0,40,空振り,適中なし,適中なし,,,,,,
2017/10/7,1,40,適中,見逃し,見逃し,,,,,,
2017/10/8,1,40,適中,見逃し,見逃し,,,,,,
2017/10/9,1,40,適中,見逃し,見逃し,,,,,,
2017/10/10,0,30,適中なし,適中なし,適中なし,,,,,,
2017/10/11,0,20,適中なし,適中なし,適中なし,,,,,,
2017/10/12,0,20,適中なし,適中なし,適中なし,,,,,,
2017/10/13,0,40,空振り,適中なし,適中なし,,,,,,
2017/10/14,0,30,適中なし,適中なし,適中なし,,,,,,
2017/10/15,0,50,空振り,空振り,適中なし,,,,,,
2017/10/16,0,30,適中なし,適中なし,適中なし,,,,,,
2018/5/12,0,40,空振り,適中なし,適中なし,,,,,,
2018/5/13,0,20,適中なし,適中なし,適中なし,,,,,,
2018/5/14,1,20,見逃し,見逃し,見逃し,,,,,,
2018/5/15,0,30,適中なし,適中なし,適中なし,,,,,,
2018/5/16,0,30,適中なし,適中なし,適中なし,,,,,,
2018/5/17,0,30,適中なし,適中なし,適中なし,,,,,,
2018/5/18,0,40,空振り,適中なし,適中なし,,,,,,
2018/5/19,0,20,適中なし,適中なし,適中なし,,,,,,
2018/5/20,0,30,適中なし,適中なし,適中なし,,,,,,
2018/5/21,0,30,適中なし,適中なし,適中なし,,,,,,
2018/5/22,0,20,適中なし,適中なし,適中なし,,,,,,
2018/5/23,0,20,適中なし,適中なし,適中なし,,,,,,
2018/5/24,0,20,適中なし,適中なし,適中なし,,,,,,
2018/5/25,0,20,適中なし,適中なし,適中なし,,,,,,
2018/5/26,0,30,適中なし,適中なし,適中なし,,,,,,
2018/5/27,1,30,見逃し,見逃し,見逃し,,,,,,
2018/5/28,1,30,見逃し,見逃し,見逃し,,,,,,
2018/5/29,0,20,適中なし,適中なし,適中なし,,,,,,
2018/5/30,1,30,見逃し,見逃し,見逃し,,,,,,
2018/5/31,0,20,適中なし,適中なし,適中なし,,,,,,
2018/6/1,0,20,適中なし,適中なし,適中なし,,,,,,
2018/6/2,1,40,適中,見逃し,見逃し,,,,,,
2018/6/3,0,30,適中なし,適中なし,適中なし,,,,,,
2018/6/4,0,30,適中なし,適中なし,適中なし,,,,,,
2018/6/5,0,20,適中なし,適中なし,適中なし,,,,,,
2018/6/6,0,30,適中なし,適中なし,適中なし,,,,,,
2018/6/7,0,30,適中なし,適中なし,適中なし,,,,,,
2018/6/8,0,20,適中なし,適中なし,適中なし,,,,,,
2018/6/9,0,30,適中なし,適中なし,適中なし,,,,,,
2018/6/10,1,50,適中,適中,見逃し,,,,,,
2018/6/11,1,50,適中,適中,見逃し,,,,,,
2018/6/12,0,20,適中なし,適中なし,適中なし,,,,,,
2018/6/13,0,20,適中なし,適中なし,適中なし,,,,,,
2018/6/14,0,20,適中なし,適中なし,適中なし,,,,,,
2018/6/15,1,30,見逃し,見逃し,見逃し,,,,,,
2018/6/16,1,50,適中,適中,見逃し,,,,,,
2018/6/17,1,50,適中,適中,見逃し,,,,,,
2018/6/18,1,30,見逃し,見逃し,見逃し,,,,,,
2018/6/19,1,40,適中,見逃し,見逃し,,,,,,
2018/6/20,1,60,適中,適中,適中,,,,,,
2018/6/21,0,30,適中なし,適中なし,適中なし,,,,,,
2018/6/22,0,20,適中なし,適中なし,適中なし,,,,,,
2018/6/23,0,40,空振り,適中なし,適中なし,,,,,,
2018/6/24,0,20,適中なし,適中なし,適中なし,,,,,,
2018/6/25,0,20,適中なし,適中なし,適中なし,,,,,,
2018/6/26,1,40,適中,見逃し,見逃し,,,,,,
2018/6/27,0,30,適中なし,適中なし,適中なし,,,,,,
2018/6/28,0,20,適中なし,適中なし,適中なし,,,,,,
2018/6/29,0,20,適中なし,適中なし,適中なし,,,,,,
2018/6/30,0,20,適中なし,適中なし,適中なし,,,,,,
2018/7/1,0,30,適中なし,適中なし,適中なし,,,,,,
2018/7/2,1,40,適中,見逃し,見逃し,,,,,,
2018/7/3,0,20,適中なし,適中なし,適中なし,,,,,,
2018/7/4,0,20,適中なし,適中なし,適中なし,,,,,,
2018/7/5,0,20,適中なし,適中なし,適中なし,,,,,,
2018/7/6,0,30,適中なし,適中なし,適中なし,,,,,,
2018/7/7,0,30,適中なし,適中なし,適中なし,,,,,,
2018/7/8,1,20,見逃し,見逃し,見逃し,,,,,,
2018/7/9,1,30,見逃し,見逃し,見逃し,,,,,,
2018/7/10,0,20,適中なし,適中なし,適中なし,,,,,,
2018/7/11,0,20,適中なし,適中なし,適中なし,,,,,,
2018/7/12,1,50,適中,適中,見逃し,,,,,,
2018/7/13,0,30,適中なし,適中なし,適中なし,,,,,,
2018/7/14,0,30,適中なし,適中なし,適中なし,,,,,,
2018/7/15,0,20,適中なし,適中なし,適中なし,,,,,,
2018/7/16,0,30,適中なし,適中なし,適中なし,,,,,,
2018/7/17,1,40,適中,見逃し,見逃し,,,,,,
2018/7/18,1,30,見逃し,見逃し,見逃し,,,,,,
2018/7/19,1,50,適中,適中,見逃し,,,,,,
2018/7/20,0,50,空振り,空振り,適中なし,,,,,,
2018/7/21,0,40,空振り,適中なし,適中なし,,,,,,
2018/7/22,0,30,適中なし,適中なし,適中なし,,,,,,
2018/7/23,0,40,空振り,適中なし,適中なし,,,,,,
2018/7/24,1,50,適中,適中,見逃し,,,,,,
2018/7/25,1,20,見逃し,見逃し,見逃し,,,,,,
2018/7/26,1,50,適中,適中,見逃し,,,,,,
2018/7/27,1,50,適中,適中,見逃し,,,,,,
2018/7/28,1,50,適中,適中,見逃し,,,,,,
2018/7/29,1,50,適中,適中,見逃し,,,,,,
2018/7/30,1,30,見逃し,見逃し,見逃し,,,,,,
2018/7/31,1,40,適中,見逃し,見逃し,,,,,,
2018/8/1,0,20,適中なし,適中なし,適中なし,,,,,,
2018/8/2,0,40,空振り,適中なし,適中なし,,,,,,
2018/8/3,1,30,見逃し,見逃し,見逃し,,,,,,
2018/8/4,1,30,見逃し,見逃し,見逃し,,,,,,
2018/8/5,0,30,適中なし,適中なし,適中なし,,,,,,
2018/8/6,1,20,見逃し,見逃し,見逃し,,,,,,
2018/8/7,1,70,適中,適中,適中,,,,,,
2018/8/8,0,30,適中なし,適中なし,適中なし,,,,,,
2018/8/9,0,20,適中なし,適中なし,適中なし,,,,,,
2018/8/10,1,20,見逃し,見逃し,見逃し,,,,,,
2018/8/11,0,20,適中なし,適中なし,適中なし,,,,,,
2018/8/12,0,30,適中なし,適中なし,適中なし,,,,,,
2018/8/13,0,30,適中なし,適中なし,適中なし,,,,,,
2018/8/14,0,20,適中なし,適中なし,適中なし,,,,,,
2018/8/15,0,20,適中なし,適中なし,適中なし,,,,,,
2018/8/16,0,20,適中なし,適中なし,適中なし,,,,,,
2018/8/17,1,20,見逃し,見逃し,見逃し,,,,,,
2018/8/18,0,30,適中なし,適中なし,適中なし,,,,,,
2018/8/19,1,40,適中,見逃し,見逃し,,,,,,
2018/8/20,0,30,適中なし,適中なし,適中なし,,,,,,
2018/8/21,0,30,適中なし,適中なし,適中なし,,,,,,
2018/8/22,0,20,適中なし,適中なし,適中なし,,,,,,
2018/8/23,0,30,適中なし,適中なし,適中なし,,,,,,
2018/8/24,0,30,適中なし,適中なし,適中なし,,,,,,
2018/8/25,0,20,適中なし,適中なし,適中なし,,,,,,
2018/8/26,0,20,適中なし,適中なし,適中なし,,,,,,
2018/8/27,0,40,空振り,適中なし,適中なし,,,,,,
2018/8/28,0,20,適中なし,適中なし,適中なし,,,,,,
2018/8/29,0,40,空振り,適中なし,適中なし,,,,,,
2018/8/30,0,30,適中なし,適中なし,適中なし,,,,,,
2018/8/31,0,20,適中なし,適中なし,適中なし,,,,,,
2018/9/1,0,40,空振り,適中なし,適中なし,,,,,,
2018/9/2,1,40,適中,見逃し,見逃し,,,,,,
2018/9/3,1,50,適中,適中,見逃し,,,,,,
2018/9/4,0,30,適中なし,適中なし,適中なし,,,,,,
2018/9/5,0,20,適中なし,適中なし,適中なし,,,,,,
2018/9/6,0,30,適中なし,適中なし,適中なし,,,,,,
2018/9/7,0,40,空振り,適中なし,適中なし,,,,,,
2018/9/8,0,30,適中なし,適中なし,適中なし,,,,,,
2018/9/9,0,30,適中なし,適中なし,適中なし,,,,,,
2018/9/10,1,20,見逃し,見逃し,見逃し,,,,,,
2018/9/11,1,40,適中,見逃し,見逃し,,,,,,
2018/9/12,1,40,適中,見逃し,見逃し,,,,,,
2018/9/13,1,40,適中,見逃し,見逃し,,,,,,
2018/9/14,0,40,空振り,適中なし,適中なし,,,,,,
2018/9/15,1,50,適中,適中,見逃し,,,,,,
2018/9/16,0,30,適中なし,適中なし,適中なし,,,,,,
2018/9/17,0,30,適中なし,適中なし,適中なし,,,,,,
2018/9/18,0,40,空振り,適中なし,適中なし,,,,,,
2018/9/19,0,30,適中なし,適中なし,適中なし,,,,,,
2018/9/20,0,30,適中なし,適中なし,適中なし,,,,,,
2018/9/21,0,30,適中なし,適中なし,適中なし,,,,,,
2018/9/22,1,20,見逃し,見逃し,見逃し,,,,,,
2018/9/23,0,30,適中なし,適中なし,適中なし,,,,,,
2018/9/24,1,30,見逃し,見逃し,見逃し,,,,,,
2018/9/25,0,30,適中なし,適中なし,適中なし,,,,,,
2018/9/26,1,40,適中,見逃し,見逃し,,,,,,
2018/9/27,0,40,空振り,適中,適中,,,,,,
2018/9/28,0,30,適中なし,適中なし,適中なし,,,,,,
2018/9/29,1,40,適中,見逃し,見逃し,,,,,,
2018/9/30,0,40,空振り,適中なし,適中なし,,,,,,
2018/10/1,0,20,適中なし,適中なし,適中なし,,,,,,
2018/10/2,0,20,適中なし,適中なし,適中なし,,,,,,
2018/10/3,0,50,空振り,空振り,適中なし,,,,,,
2018/10/4,1,30,見逃し,見逃し,見逃し,,,,,,
2018/10/5,0,30,適中なし,適中なし,適中なし,,,,,,
2018/10/6,0,30,適中なし,適中なし,適中なし,,,,,,
2018/10/7,0,20,適中なし,適中なし,適中なし,,,,,,
2018/10/8,0,40,空振り,適中なし,適中なし,,,,,,
2018/10/9,1,40,適中,見逃し,見逃し,,,,,,
2018/10/10,0,30,適中なし,適中なし,適中なし,,,,,,
2018/10/11,0,20,適中なし,適中なし,適中なし,,,,,,
2018/10/12,1,20,見逃し,見逃し,見逃し,,,,,,
2018/10/13,0,40,空振り,適中なし,適中なし,,,,,,
2018/10/14,1,40,適中,見逃し,見逃し,,,,,,
2018/10/15,0,30,適中なし,適中なし,適中なし,,,,,,
2019/5/11,0,30,適中なし,適中なし,適中なし,,,,,,
2019/5/12,0,30,適中なし,適中なし,適中なし,,,,,,
2019/5/13,0,30,適中なし,適中なし,適中なし,,,,,,
2019/5/14,0,30,適中なし,適中なし,適中なし,,,,,,
2019/5/15,0,50,空振り,空振り,適中なし,,,,,,
2019/5/16,1,50,適中,適中,見逃し,,,,,,
2019/5/17,1,50,適中,適中,見逃し,,,,,,
2019/5/18,1,60,適中,適中,適中,,,,,,
2019/5/19,1,50,適中,適中,見逃し,,,,,,
2019/5/20,1,30,見逃し,見逃し,見逃し,,,,,,
2019/5/21,1,20,見逃し,見逃し,見逃し,,,,,,
2019/5/22,1,40,適中,見逃し,見逃し,,,,,,
2019/5/23,0,30,適中なし,適中なし,適中なし,,,,,,
2019/5/24,0,50,空振り,空振り,適中なし,,,,,,
2019/5/25,0,40,空振り,適中なし,適中なし,,,,,,
2019/5/26,0,20,適中なし,適中なし,適中なし,,,,,,
2019/5/27,0,20,適中なし,適中なし,適中なし,,,,,,
2019/5/28,0,20,適中なし,適中なし,適中なし,,,,,,
2019/5/29,0,50,空振り,空振り,適中なし,,,,,,
2019/5/30,0,30,適中なし,適中なし,適中なし,,,,,,
2019/5/31,0,30,適中なし,適中なし,適中なし,,,,,,
2019/6/1,0,50,空振り,空振り,適中なし,,,,,,
2019/6/2,0,50,空振り,空振り,適中なし,,,,,,
2019/6/3,0,40,空振り,適中なし,適中なし,,,,,,
2019/6/4,0,20,適中なし,適中なし,適中なし,,,,,,
2019/6/5,1,20,見逃し,見逃し,見逃し,,,,,,
2019/6/6,1,30,見逃し,見逃し,見逃し,,,,,,
2019/6/7,0,30,適中なし,適中なし,適中なし,,,,,,
2019/6/8,0,40,空振り,適中なし,適中なし,,,,,,
2019/6/9,0,30,適中なし,適中なし,適中なし,,,,,,
2019/6/10,0,20,適中なし,適中なし,適中なし,,,,,,
2019/6/11,1,60,適中,適中,適中,,,,,,
2019/6/12,1,60,適中,適中,適中,,,,,,
2019/6/13,0,30,適中なし,適中なし,適中なし,,,,,,
2019/6/14,0,50,空振り,空振り,適中なし,,,,,,
2019/6/15,1,40,適中,見逃し,見逃し,,,,,,
2019/6/16,0,20,適中なし,適中なし,適中なし,,,,,,
2019/6/17,0,20,適中なし,適中なし,適中なし,,,,,,
2019/6/18,1,40,適中,見逃し,見逃し,,,,,,
2019/6/19,0,40,空振り,適中なし,適中なし,,,,,,
2019/6/20,0,50,空振り,空振り,適中なし,,,,,,
2019/6/21,1,40,適中,見逃し,見逃し,,,,,,
2019/6/22,0,40,空振り,適中なし,適中なし,,,,,,
2019/6/23,0,30,適中なし,適中なし,適中なし,,,,,,
2019/6/24,1,40,適中,見逃し,見逃し,,,,,,
2019/6/25,0,30,適中なし,適中なし,適中なし,,,,,,
2019/6/26,0,40,空振り,適中なし,適中なし,,,,,,
2019/6/27,0,40,空振り,適中なし,適中なし,,,,,,
2019/6/28,0,20,適中なし,適中なし,適中なし,,,,,,
2019/6/29,0,30,適中なし,適中なし,適中なし,,,,,,
2019/6/30,1,30,見逃し,見逃し,見逃し,,,,,,
2019/7/1,1,30,見逃し,見逃し,見逃し,,,,,,
2019/7/2,0,30,適中なし,適中なし,適中なし,,,,,,
2019/7/3,0,30,適中なし,適中なし,適中なし,,,,,,
2019/7/4,1,20,見逃し,見逃し,見逃し,,,,,,
2019/7/5,0,30,適中なし,適中なし,適中なし,,,,,,
2019/7/6,1,40,適中,見逃し,見逃し,,,,,,
2019/7/7,1,50,適中,適中,見逃し,,,,,,
2019/7/8,1,50,適中,適中,見逃し,,,,,,
2019/7/9,1,50,適中,適中,見逃し,,,,,,
2019/7/10,0,40,空振り,適中なし,適中なし,,,,,,
2019/7/11,1,40,適中,見逃し,見逃し,,,,,,
2019/7/12,1,50,適中,適中,見逃し,,,,,,
2019/7/13,0,30,適中なし,適中なし,適中なし,,,,,,
2019/7/14,0,20,適中なし,適中なし,適中なし,,,,,,
2019/7/15,0,20,適中なし,適中なし,適中なし,,,,,,
2019/7/16,1,40,適中,見逃し,見逃し,,,,,,
2019/7/17,1,20,見逃し,見逃し,見逃し,,,,,,
2019/7/18,1,40,適中,見逃し,見逃し,,,,,,
2019/7/19,1,40,適中,見逃し,見逃し,,,,,,
2019/7/20,0,20,適中なし,適中なし,適中なし,,,,,,
2019/7/21,1,30,見逃し,見逃し,見逃し,,,,,,
2019/7/22,0,50,空振り,空振り,適中なし,,,,,,
2019/7/23,1,30,見逃し,見逃し,見逃し,,,,,,
2019/7/24,1,50,適中,適中,見逃し,,,,,,
2019/7/25,0,30,適中なし,適中なし,適中なし,,,,,,
2019/7/26,0,40,空振り,適中なし,適中なし,,,,,,
2019/7/27,0,20,適中なし,適中なし,適中なし,,,,,,
2019/7/28,0,50,空振り,空振り,適中なし,,,,,,
2019/7/29,1,50,適中,適中,見逃し,,,,,,
2019/7/30,0,30,適中なし,適中なし,適中なし,,,,,,
2019/7/31,0,20,適中なし,適中なし,適中なし,,,,,,
2019/8/1,0,20,適中なし,適中なし,適中なし,,,,,,
2019/8/2,1,30,見逃し,見逃し,見逃し,,,,,,
2019/8/3,0,30,適中なし,適中なし,適中なし,,,,,,
2019/8/4,0,40,空振り,適中なし,適中なし,,,,,,
2019/8/5,1,40,適中,見逃し,見逃し,,,,,,
2019/8/6,1,40,適中,見逃し,見逃し,,,,,,
2019/8/7,0,40,空振り,適中なし,適中なし,,,,,,
2019/8/8,1,30,見逃し,見逃し,見逃し,,,,,,
2019/8/9,0,30,適中なし,適中なし,適中なし,,,,,,
2019/8/10,0,20,適中なし,適中なし,適中なし,,,,,,
2019/8/11,0,20,適中なし,適中なし,適中なし,,,,,,
2019/8/12,0,30,適中なし,適中なし,適中なし,,,,,,
2019/8/13,0,30,適中なし,適中なし,適中なし,,,,,,
2019/8/14,1,50,適中,適中,見逃し,,,,,,
2019/8/15,0,30,適中なし,適中なし,適中なし,,,,,,
2019/8/16,0,30,適中なし,適中なし,適中なし,,,,,,
2019/8/17,0,20,適中なし,適中なし,適中なし,,,,,,
2019/8/18,0,50,空振り,空振り,適中なし,,,,,,
2019/8/19,1,50,適中,適中,見逃し,,,,,,
2019/8/20,0,40,空振り,適中なし,適中なし,,,,,,
2019/8/21,1,40,適中,見逃し,見逃し,,,,,,
2019/8/22,0,50,空振り,空振り,適中なし,,,,,,
2019/8/23,0,20,適中なし,適中なし,適中なし,,,,,,
2019/8/24,0,20,適中なし,適中なし,適中なし,,,,,,
2019/8/25,0,30,適中なし,適中なし,適中なし,,,,,,
2019/8/26,1,40,適中,見逃し,見逃し,,,,,,
2019/8/27,1,30,見逃し,見逃し,見逃し,,,,,,
2019/8/28,0,50,空振り,空振り,適中なし,,,,,,
2019/8/29,1,20,見逃し,見逃し,見逃し,,,,,,
2019/8/30,1,50,適中,適中,見逃し,,,,,,
2019/8/31,0,30,適中なし,適中なし,適中なし,,,,,,
2019/9/1,0,40,空振り,適中なし,適中なし,,,,,,
2019/9/2,1,50,適中,適中,見逃し,,,,,,
2019/9/3,0,30,適中なし,適中なし,適中なし,,,,,,
2019/9/4,0,50,空振り,空振り,適中なし,,,,,,
2019/9/5,1,40,適中,見逃し,見逃し,,,,,,
2019/9/6,0,40,空振り,適中なし,適中なし,,,,,,
2019/9/7,0,20,適中なし,適中なし,適中なし,,,,,,
2019/9/8,1,60,適中,適中,適中,,,,,,
2019/9/9,0,30,適中なし,適中なし,適中なし,,,,,,
2019/9/10,0,30,適中なし,適中なし,適中なし,,,,,,
2019/9/11,0,50,空振り,空振り,適中なし,,,,,,
2019/9/12,1,50,適中,適中,見逃し,,,,,,
2019/9/13,0,40,空振り,適中なし,適中なし,,,,,,
2019/9/14,0,40,空振り,適中なし,適中なし,,,,,,
2019/9/15,0,30,適中なし,適中なし,適中なし,,,,,,
2019/9/16,0,30,適中なし,適中なし,適中なし,,,,,,
2019/9/17,0,30,適中なし,適中なし,適中なし,,,,,,
2019/9/18,1,50,適中,適中,見逃し,,,,,,
2019/9/19,0,30,適中なし,適中なし,適中なし,,,,,,
2019/9/20,0,20,適中なし,適中なし,適中なし,,,,,,
2019/9/21,0,50,空振り,空振り,適中なし,,,,,,
2019/9/22,0,30,適中なし,適中なし,適中なし,,,,,,
2019/9/23,0,20,適中なし,適中なし,適中なし,,,,,,
2019/9/24,0,20,適中なし,適中なし,適中なし,,,,,,
2019/9/25,0,20,適中なし,適中なし,適中なし,,,,,,
2019/9/26,0,30,適中なし,適中なし,適中なし,,,,,,
2019/9/27,0,20,適中なし,適中なし,適中なし,,,,,,
2019/9/28,1,30,見逃し,見逃し,見逃し,,,,,,
2019/9/29,1,30,見逃し,見逃し,見逃し,,,,,,
2019/9/30,1,30,見逃し,見逃し,見逃し,,,,,,
2019/10/1,1,20,見逃し,見逃し,見逃し,,,,,,
2019/10/2,1,40,適中,見逃し,見逃し,,,,,,
2019/10/3,1,30,見逃し,見逃し,見逃し,,,,,,
2019/10/4,0,20,適中なし,適中なし,適中なし,,,,,,
2019/10/5,1,20,見逃し,見逃し,見逃し,,,,,,
2019/10/6,1,60,適中,適中,適中,,,,,,
2019/10/7,0,40,空振り,適中なし,適中なし,,,,,,
2019/10/8,0,20,適中なし,適中なし,適中なし,,,,,,
2019/10/9,0,30,適中なし,適中なし,適中なし,,,,,,
2019/10/10,0,50,空振り,空振り,適中なし,,,,,,
2019/10/11,0,40,空振り,適中なし,適中なし,,,,,,
2019/10/12,0,30,適中なし,適中なし,適中なし,,,,,,
2019/10/13,0,20,適中なし,適中なし,適中なし,,,,,,
2019/10/14,0,50,空振り,空振り,適中なし,,,,,,
2020/7/1,1,20,見逃し,見逃し,見逃し,,,,,,
2020/7/2,1,20,見逃し,見逃し,見逃し,,,,,,
2020/7/3,1,40,適中,見逃し,見逃し,,,,,,
2020/7/4,1,40,適中,見逃し,見逃し,,,,,,
2020/7/5,1,30,見逃し,見逃し,見逃し,,,,,,
2020/7/6,1,50,適中,適中,見逃し,,,,,,
2020/7/7,0,30,適中なし,適中なし,適中なし,,,,,,
2020/7/8,0,20,適中なし,適中なし,適中なし,,,,,,
2020/7/9,0,30,適中なし,適中なし,適中なし,,,,,,
2020/7/10,0,50,空振り,空振り,適中なし,,,,,,
2020/7/11,0,30,適中なし,適中なし,適中なし,,,,,,
2020/7/12,0,30,適中なし,適中なし,適中なし,,,,,,
2020/7/13,0,30,適中なし,適中なし,適中なし,,,,,,
2020/7/14,1,30,見逃し,見逃し,見逃し,,,,,,
2020/7/15,0,40,空振り,適中なし,適中なし,,,,,,
2020/7/16,1,30,見逃し,見逃し,見逃し,,,,,,
2020/7/17,1,30,見逃し,見逃し,見逃し,,,,,,
2020/7/18,1,60,適中,適中,適中,,,,,,
2020/7/19,1,50,適中,適中,見逃し,,,,,,
2020/7/20,1,40,適中,見逃し,見逃し,,,,,,
2020/7/21,1,50,適中,適中,見逃し,,,,,,
2020/7/22,0,20,適中なし,適中なし,適中なし,,,,,,
2020/7/23,0,20,適中なし,適中なし,適中なし,,,,,,
2020/7/24,1,20,見逃し,見逃し,見逃し,,,,,,
2020/7/25,0,50,空振り,空振り,適中なし,,,,,,
2020/7/26,1,40,適中,見逃し,見逃し,,,,,,
2020/7/27,1,20,見逃し,見逃し,見逃し,,,,,,
2020/7/28,1,30,見逃し,見逃し,見逃し,,,,,,
2020/7/29,1,30,見逃し,見逃し,見逃し,,,,,,
2020/7/30,1,40,適中,見逃し,見逃し,,,,,,
2020/7/31,1,50,適中,適中,見逃し,,,,,,
2020/8/1,0,50,空振り,空振り,適中なし,,,,,,
2020/8/2,1,40,適中,見逃し,見逃し,,,,,,
2020/8/3,1,60,適中,適中,適中,,,,,,
2020/8/4,0,30,適中なし,適中なし,適中なし,,,,,,
2020/8/5,0,50,空振り,空振り,適中なし,,,,,,
2020/8/6,0,20,適中なし,適中なし,適中なし,,,,,,
2020/8/7,0,40,空振り,適中なし,適中なし,,,,,,
2020/8/8,0,50,空振り,空振り,適中なし,,,,,,
2020/8/9,1,70,適中,適中,適中,,,,,,
2020/8/10,0,20,適中なし,適中なし,適中なし,,,,,,
2020/8/11,0,20,適中なし,適中なし,適中なし,,,,,,
2020/8/12,0,30,適中なし,適中なし,適中なし,,,,,,
2020/8/13,0,30,適中なし,適中なし,適中なし,,,,,,
2020/8/14,1,50,適中,適中,見逃し,,,,,,
2020/8/15,0,20,適中なし,適中なし,適中なし,,,,,,
2020/8/16,0,50,空振り,空振り,適中なし,,,,,,
2020/8/17,0,30,適中なし,適中なし,適中なし,,,,,,
2020/8/18,1,50,適中,適中,見逃し,,,,,,
2020/8/19,0,30,適中なし,適中なし,適中なし,,,,,,
2020/8/20,0,20,適中なし,適中なし,適中なし,,,,,,
2020/8/21,1,40,適中,見逃し,見逃し,,,,,,
2020/8/22,1,60,適中,適中,適中,,,,,,
2020/8/23,1,50,適中,適中,見逃し,,,,,,
2020/8/24,1,60,適中,適中,適中,,,,,,
2020/8/25,1,50,適中,適中,見逃し,,,,,,
2020/8/26,0,50,空振り,空振り,適中なし,,,,,,
2020/8/27,1,50,適中,適中,見逃し,,,,,,
2020/8/28,1,50,適中,適中,見逃し,,,,,,
2020/8/29,0,30,適中なし,適中なし,適中なし,,,,,,
2020/8/30,0,20,適中なし,適中なし,適中なし,,,,,,
2020/8/31,0,20,適中なし,適中なし,適中なし,,,,,,
2020/9/1,0,30,適中なし,適中なし,適中なし,,,,,,
2020/9/2,0,50,空振り,空振り,適中なし,,,,,,
2020/9/3,0,20,適中なし,適中なし,適中なし,,,,,,
2020/9/4,1,20,見逃し,見逃し,見逃し,,,,,,
2020/9/5,0,,,,,,,,,,
2020/9/6,1,40,適中,見逃し,見逃し,,,,,,
2020/9/7,1,20,見逃し,見逃し,見逃し,,,,,,
2020/9/8,1,40,適中,見逃し,見逃し,,,,,,
2020/9/9,0,20,適中なし,適中なし,適中なし,,,,,,
2020/9/10,0,30,適中なし,適中なし,適中なし,,,,,,
2020/9/11,1,30,見逃し,見逃し,見逃し,,,,,,
2020/9/12,0,30,適中なし,適中なし,適中なし,,,,,,
2020/9/13,0,30,適中なし,適中なし,適中なし,,,,,,
2020/9/14,0,20,適中なし,適中なし,適中なし,,,,,,
2020/9/15,0,20,適中なし,適中なし,適中なし,,,,,,
2020/9/16,1,20,見逃し,見逃し,見逃し,,,,,,
2020/9/17,1,30,見逃し,見逃し,見逃し,,,,,,
2020/9/18,0,20,適中なし,適中なし,適中なし,,,,,,
2020/9/19,0,30,適中なし,適中なし,適中なし,,,,,,
2020/9/20,1,40,適中,見逃し,見逃し,,,,,,
2020/9/21,0,40,空振り,適中なし,適中なし,,,,,,
2020/9/22,1,30,見逃し,見逃し,見逃し,,,,,,
2020/9/23,0,50,空振り,空振り,適中なし,,,,,,
2020/9/24,0,40,空振り,適中なし,適中なし,,,,,,
2020/9/25,0,50,空振り,空振り,適中なし,,,,,,
2020/9/26,0,20,適中なし,適中なし,適中なし,,,,,,
2020/9/27,1,20,見逃し,見逃し,見逃し,,,,,,
2020/9/28,0,40,空振り,適中なし,適中なし,,,,,,
2020/9/29,0,40,空振り,適中なし,適中なし,,,,,,
2020/9/30,1,40,適中,見逃し,見逃し,,,,,,
2020/10/1,1,30,見逃し,見逃し,見逃し,,,,,,
2020/10/2,1,40,適中,見逃し,見逃し,,,,,,
2020/10/3,1,20,見逃し,見逃し,見逃し,,,,,,
2020/10/4,0,50,空振り,空振り,適中なし,,,,,,
2020/10/5,0,20,適中なし,適中なし,適中なし,,,,,,
2020/10/6,0,30,適中なし,適中なし,適中なし,,,,,,
2020/10/7,0,50,空振り,空振り,適中なし,,,,,,
2020/10/8,0,30,適中なし,適中なし,適中なし,,,,,,
2020/10/9,0,30,適中なし,適中なし,適中なし,,,,,,
2020/10/10,0,30,適中なし,適中なし,適中なし,,,,,,
2020/10/11,0,40,空振り,適中なし,適中なし,,,,,,
2020/10/12,1,40,適中,適中,適中,,,,,,
2020/10/13,0,30,適中なし,適中なし,適中なし,,,,,,
2020/10/14,1,50,適中,適中,見逃し,,,,,,
2021/5/11,0,30,適中なし,適中なし,適中なし,,,,,,
2021/5/12,1,30,見逃し,見逃し,見逃し,,,,,,
2021/5/13,1,40,適中,見逃し,見逃し,,,,,,
2021/5/14,0,30,適中なし,適中なし,適中なし,,,,,,
2021/5/15,0,30,適中なし,適中なし,適中なし,,,,,,
2021/5/16,1,30,見逃し,見逃し,見逃し,,,,,,
2021/5/17,0,20,適中なし,適中なし,適中なし,,,,,,
2021/5/18,1,30,見逃し,見逃し,見逃し,,,,,,
2021/5/19,1,40,適中,見逃し,見逃し,,,,,,
2021/5/20,0,30,適中なし,適中なし,適中なし,,,,,,
2021/5/21,0,50,空振り,空振り,適中,,,,,,
2021/5/22,0,30,適中なし,適中なし,適中なし,,,,,,
2021/5/23,1,30,見逃し,見逃し,見逃し,,,,,,
2021/5/24,0,30,適中なし,適中なし,適中なし,,,,,,
2021/5/25,0,20,適中なし,適中なし,適中なし,,,,,,
2021/5/26,1,30,見逃し,見逃し,見逃し,,,,,,
2021/5/27,0,40,空振り,適中なし,適中なし,,,,,,
2021/5/28,0,20,適中なし,適中なし,適中なし,,,,,,
2021/5/29,0,30,適中なし,適中なし,適中なし,,,,,,
2021/5/30,0,20,適中なし,適中なし,適中なし,,,,,,
2021/5/31,0,40,空振り,適中なし,適中なし,,,,,,
2021/6/1,1,30,見逃し,見逃し,見逃し,,,,,,
2021/6/2,1,40,適中,見逃し,見逃し,,,,,,
2021/6/3,1,30,見逃し,見逃し,見逃し,,,,,,
2021/6/4,0,20,適中なし,適中なし,適中なし,,,,,,
2021/6/5,0,30,適中なし,適中なし,適中なし,,,,,,
2021/6/6,0,30,適中なし,適中なし,適中なし,,,,,,
2021/6/7,0,30,適中なし,適中なし,適中なし,,,,,,
2021/6/8,0,30,適中なし,適中なし,適中なし,,,,,,
2021/6/9,1,20,見逃し,見逃し,見逃し,,,,,,
2021/6/10,1,30,見逃し,見逃し,見逃し,,,,,,
2021/6/11,0,40,空振り,適中なし,適中なし,,,,,,
2021/6/12,0,40,空振り,適中なし,適中なし,,,,,,
2021/6/13,0,40,空振り,適中なし,適中なし,,,,,,
2021/6/14,1,30,見逃し,見逃し,見逃し,,,,,,
2021/6/15,0,20,適中なし,適中なし,適中なし,,,,,,
2021/6/16,1,40,適中,見逃し,見逃し,,,,,,
2021/6/17,1,40,適中,見逃し,見逃し,,,,,,
2021/6/18,1,40,適中,見逃し,見逃し,,,,,,
2021/6/19,1,30,見逃し,見逃し,見逃し,,,,,,
2021/6/20,0,20,適中なし,適中なし,適中なし,,,,,,
2021/6/21,1,40,適中,見逃し,見逃し,,,,,,
2021/6/22,1,40,適中,見逃し,見逃し,,,,,,
2021/6/23,1,40,適中,見逃し,見逃し,,,,,,
2021/6/24,0,40,空振り,適中なし,適中なし,,,,,,
2021/6/25,0,30,適中なし,適中なし,適中なし,,,,,,
2021/6/26,0,30,適中なし,適中なし,適中なし,,,,,,
2021/6/27,0,40,空振り,適中なし,適中なし,,,,,,
2021/6/28,0,30,適中なし,適中なし,適中なし,,,,,,
2021/6/29,0,40,空振り,適中なし,適中なし,,,,,,
2021/6/30,1,30,見逃し,見逃し,見逃し,,,,,,
2021/7/1,1,40,適中,見逃し,見逃し,,,,,,
2021/7/2,1,50,適中,適中,見逃し,,,,,,
2021/7/3,1,30,見逃し,見逃し,見逃し,,,,,,
2021/7/4,0,40,空振り,適中なし,適中なし,,,,,,
2021/7/5,0,20,適中なし,適中なし,適中なし,,,,,,
2021/7/6,0,20,適中なし,適中なし,適中なし,,,,,,
2021/7/7,1,30,見逃し,見逃し,見逃し,,,,,,
2021/7/8,1,50,適中,適中,見逃し,,,,,,
2021/7/9,1,50,適中,適中,見逃し,,,,,,
2021/7/10,1,50,適中,適中,見逃し,,,,,,
2021/7/11,0,40,空振り,適中なし,適中なし,,,,,,
2021/7/12,1,30,見逃し,見逃し,見逃し,,,,,,
2021/7/13,1,30,見逃し,見逃し,見逃し,,,,,,
2021/7/14,1,50,適中,適中,見逃し,,,,,,
2021/7/15,1,50,適中,適中,見逃し,,,,,,
2021/7/16,1,50,適中,適中,見逃し,,,,,,
2021/7/17,0,40,空振り,適中なし,適中なし,,,,,,
2021/7/18,0,30,適中なし,適中なし,適中なし,,,,,,
2021/7/19,0,30,適中なし,適中なし,適中なし,,,,,,
2021/7/20,1,20,見逃し,見逃し,見逃し,,,,,,
2021/7/21,1,30,見逃し,見逃し,見逃し,,,,,,
2021/7/22,1,50,適中,適中,見逃し,,,,,,
2021/7/23,1,40,適中,見逃し,見逃し,,,,,,
2021/7/24,1,40,適中,見逃し,見逃し,,,,,,
2021/7/25,1,40,適中,見逃し,見逃し,,,,,,
2021/7/26,0,60,空振り,空振り,空振り,,,,,,
2021/7/27,0,30,適中なし,適中なし,適中なし,,,,,,
2021/7/28,0,40,空振り,適中なし,適中なし,,,,,,
2021/7/29,1,30,見逃し,見逃し,見逃し,,,,,,
2021/7/30,1,30,見逃し,見逃し,見逃し,,,,,,
2021/7/31,1,30,見逃し,見逃し,見逃し,,,,,,
